-- phpMyAdmin SQL Dump
-- version 4.8.3
-- https://www.phpmyadmin.net/
--
-- Host: 127.0.0.1
-- Generation Time: Nov 20, 2018 at 08:02 PM
-- Server version: 10.1.36-MariaDB
-- PHP Version: 7.2.11

SET SQL_MODE = "NO_AUTO_VALUE_ON_ZERO";
SET AUTOCOMMIT = 0;
START TRANSACTION;
SET time_zone = "+00:00";


/*!40101 SET @OLD_CHARACTER_SET_CLIENT=@@CHARACTER_SET_CLIENT */;
/*!40101 SET @OLD_CHARACTER_SET_RESULTS=@@CHARACTER_SET_RESULTS */;
/*!40101 SET @OLD_COLLATION_CONNECTION=@@COLLATION_CONNECTION */;
/*!40101 SET NAMES utf8mb4 */;

--
-- Database: `api`
--

-- --------------------------------------------------------

--
-- Table structure for table `migrations`
--

CREATE TABLE `migrations` (
  `id` int(10) UNSIGNED NOT NULL,
  `migration` varchar(191) COLLATE utf8mb4_unicode_ci NOT NULL,
  `batch` int(11) NOT NULL
) ENGINE=InnoDB DEFAULT CHARSET=utf8mb4 COLLATE=utf8mb4_unicode_ci;

--
-- Dumping data for table `migrations`
--

INSERT INTO `migrations` (`id`, `migration`, `batch`) VALUES
(1, '2014_10_12_000000_create_users_table', 1),
(2, '2014_10_12_100000_create_password_resets_table', 1),
(3, '2018_11_20_175503_create_products_table', 1);

-- --------------------------------------------------------

--
-- Table structure for table `password_resets`
--

CREATE TABLE `password_resets` (
  `email` varchar(191) COLLATE utf8mb4_unicode_ci NOT NULL,
  `token` varchar(191) COLLATE utf8mb4_unicode_ci NOT NULL,
  `created_at` timestamp NULL DEFAULT NULL
) ENGINE=InnoDB DEFAULT CHARSET=utf8mb4 COLLATE=utf8mb4_unicode_ci;

-- --------------------------------------------------------

--
-- Table structure for table `products`
--

CREATE TABLE `products` (
  `id` int(10) UNSIGNED NOT NULL,
  `name` varchar(191) COLLATE utf8mb4_unicode_ci NOT NULL,
  `detail` text COLLATE utf8mb4_unicode_ci NOT NULL,
  `price` int(11) NOT NULL,
  `stock` int(11) NOT NULL,
  `discount` int(11) NOT NULL,
  `created_at` timestamp NULL DEFAULT NULL,
  `updated_at` timestamp NULL DEFAULT NULL
) ENGINE=InnoDB DEFAULT CHARSET=utf8mb4 COLLATE=utf8mb4_unicode_ci;

--
-- Dumping data for table `products`
--

INSERT INTO `products` (`id`, `name`, `detail`, `price`, `stock`, `discount`, `created_at`, `updated_at`) VALUES
(1, 'necessitatibus', 'Repudiandae labore rerum aut magni est dolor aliquam unde. Aut et provident qui. Vero modi et ipsum eius accusamus. Non sunt consectetur dolorum aut vel.', 666, 0, 12, '2018-11-20 15:00:44', '2018-11-20 15:00:44'),
(2, 'consectetur', 'Dignissimos atque dignissimos officiis quas iusto. Eligendi repudiandae iure eum. Non dolorem accusantium reprehenderit eveniet magnam et dolorem quas. Placeat et odit qui omnis asperiores.', 871, 8, 10, '2018-11-20 15:00:44', '2018-11-20 15:00:44'),
(3, 'voluptatum', 'Similique ipsa quos atque dolorum. Placeat voluptas ducimus unde distinctio qui. Eum expedita nulla dolore aut. Qui harum dignissimos reiciendis est omnis et omnis quae.', 965, 5, 26, '2018-11-20 15:00:44', '2018-11-20 15:00:44'),
(4, 'est', 'Quasi nisi fuga praesentium reiciendis aspernatur amet. Earum et totam quo. Et accusamus nobis blanditiis totam. Est voluptate perspiciatis dolorem animi et eveniet occaecati.', 923, 7, 11, '2018-11-20 15:00:44', '2018-11-20 15:00:44'),
(5, 'ullam', 'Asperiores placeat eum odit odit dolores aut voluptatum laboriosam. Iste ab asperiores nulla. Id quas vero in odit reprehenderit et. Placeat commodi vel sunt quaerat velit quia.', 504, 3, 14, '2018-11-20 15:00:44', '2018-11-20 15:00:44'),
(6, 'eos', 'Quia et magni laborum. Deleniti id voluptas temporibus numquam suscipit. Laborum dolor dolor id sint unde.', 306, 4, 25, '2018-11-20 15:00:44', '2018-11-20 15:00:44'),
(7, 'laboriosam', 'Numquam facilis et possimus earum aliquid. Quia id commodi dolor rerum. Tempora voluptatum dolore rerum illum eos pariatur consequuntur sint.', 186, 1, 14, '2018-11-20 15:00:44', '2018-11-20 15:00:44'),
(8, 'excepturi', 'Perferendis officiis laboriosam nesciunt ex et qui. Dolores consectetur dicta perferendis commodi dignissimos porro quia.', 594, 7, 30, '2018-11-20 15:00:44', '2018-11-20 15:00:44'),
(9, 'maxime', 'Ipsa vitae consequatur ex suscipit quia non. Et veniam nihil consequuntur voluptate. Cum voluptas et aliquid illo temporibus nemo eaque. Expedita laudantium nobis molestias.', 674, 8, 19, '2018-11-20 15:00:44', '2018-11-20 15:00:44'),
(10, 'eos', 'Amet unde aliquam quia quae sit quas eligendi. Consequatur voluptas doloremque rerum deleniti facere dignissimos. Nesciunt qui excepturi enim quo quidem eaque. Quas at quis eum dolore nisi unde.', 415, 1, 19, '2018-11-20 15:00:44', '2018-11-20 15:00:44'),
(11, 'aspernatur', 'Deserunt sunt minima sit. Aut molestiae deserunt voluptates doloremque. Laborum non nesciunt consequatur ut.', 759, 7, 17, '2018-11-20 15:00:44', '2018-11-20 15:00:44'),
(12, 'officiis', 'Consequatur nihil veniam et sunt nesciunt. Tempora non nobis quibusdam ut. Ipsa blanditiis et repellendus sint. Amet et commodi perferendis et.', 849, 1, 19, '2018-11-20 15:00:44', '2018-11-20 15:00:44'),
(13, 'est', 'Consequatur sint quisquam officiis id. Et modi quaerat excepturi molestias omnis. Fugiat dolor atque ut accusamus officia laudantium veniam. Ipsam quia recusandae voluptatem ad.', 983, 4, 4, '2018-11-20 15:00:44', '2018-11-20 15:00:44'),
(14, 'ea', 'Quia qui sint illo velit sunt deserunt quisquam. Corporis reprehenderit delectus illum et dicta similique. Quaerat voluptates accusamus aut id eveniet. Eos sit quo molestias perferendis.', 737, 1, 28, '2018-11-20 15:00:44', '2018-11-20 15:00:44'),
(15, 'ratione', 'Non iusto autem consectetur alias impedit facere architecto. Dolorum odit quia et veritatis amet. Perferendis facilis adipisci a natus similique blanditiis. Quam nesciunt sed alias autem id totam delectus.', 168, 8, 29, '2018-11-20 15:00:44', '2018-11-20 15:00:44'),
(16, 'ut', 'Est necessitatibus qui tempore dolores distinctio laboriosam consequatur. Aspernatur sint aut excepturi aut consequatur. Ut maiores a rem praesentium.', 940, 1, 10, '2018-11-20 15:00:44', '2018-11-20 15:00:44'),
(17, 'dolorum', 'Quod rerum id enim quia magni. Aut ut minus consequatur illum dolor dolore modi. Commodi officiis alias ullam magnam. Illo fuga numquam minus expedita eligendi.', 478, 7, 19, '2018-11-20 15:00:44', '2018-11-20 15:00:44'),
(18, 'dolore', 'Voluptates non architecto ullam dolorem molestiae consectetur. Illo placeat eos facilis facilis. Odit non delectus amet nihil voluptatem fugit laboriosam.', 972, 2, 11, '2018-11-20 15:00:44', '2018-11-20 15:00:44'),
(19, 'officiis', 'Accusantium qui sint aut temporibus. Fugit velit eaque similique odio. Non laborum occaecati eligendi aut.', 922, 4, 11, '2018-11-20 15:00:44', '2018-11-20 15:00:44'),
(20, 'voluptates', 'Voluptatem modi optio enim maxime et sed amet. Accusamus consequatur nobis aliquam autem quidem. Mollitia distinctio eaque officia quo aut nobis. Rerum voluptas corporis soluta occaecati sed.', 119, 6, 13, '2018-11-20 15:00:44', '2018-11-20 15:00:44'),
(21, 'assumenda', 'Eos qui cumque voluptatem quia deserunt. Eveniet dolorem eius eaque sit repellat. Similique quod velit consequatur et commodi totam.', 366, 1, 27, '2018-11-20 15:00:44', '2018-11-20 15:00:44'),
(22, 'optio', 'Provident aliquam consequuntur aspernatur. Magni aperiam eaque perspiciatis sed.', 106, 2, 17, '2018-11-20 15:00:44', '2018-11-20 15:00:44'),
(23, 'odio', 'Quia distinctio neque deserunt veritatis. Et magni cumque officia beatae alias non atque enim. Id sit qui suscipit aut aut beatae.', 686, 1, 3, '2018-11-20 15:00:44', '2018-11-20 15:00:44'),
(24, 'occaecati', 'Praesentium tempore cumque ut libero. Vel facilis voluptate corporis quam nemo neque tempora enim. Perspiciatis maiores provident dicta aperiam optio similique non. Sed aliquid saepe rerum omnis.', 431, 5, 16, '2018-11-20 15:00:44', '2018-11-20 15:00:44'),
(25, 'accusamus', 'Nulla rem cupiditate vero voluptatem qui impedit. Ut error quo ad voluptatem est sit autem. Nisi corrupti non quisquam ut qui iure. Esse totam dolor minima aperiam laboriosam dolore accusantium.', 673, 2, 15, '2018-11-20 15:00:44', '2018-11-20 15:00:44'),
(26, 'aliquam', 'Architecto dolore illo illum enim ut fugit. Quo placeat iste enim distinctio occaecati.', 332, 2, 24, '2018-11-20 15:00:44', '2018-11-20 15:00:44'),
(27, 'quibusdam', 'Sed consequatur nobis aut iure. Dolores assumenda quas dolorem cumque animi. Inventore sit sed facilis laborum ipsum dicta itaque.', 656, 1, 14, '2018-11-20 15:00:44', '2018-11-20 15:00:44'),
(28, 'perspiciatis', 'Temporibus numquam occaecati culpa placeat impedit et. Rerum eveniet assumenda incidunt id. Ducimus ea sunt animi velit exercitationem. Voluptate ea enim quam tenetur velit odit nam possimus.', 806, 5, 8, '2018-11-20 15:00:44', '2018-11-20 15:00:44'),
(29, 'minus', 'Natus enim et perferendis quia recusandae delectus omnis facilis. Aut maiores voluptatem ut et quia qui nihil repellendus. Minima illum at dolorem corporis illum et vero laudantium. Sint vel commodi unde placeat excepturi.', 136, 5, 5, '2018-11-20 15:00:44', '2018-11-20 15:00:44'),
(30, 'quis', 'Et aliquam quis quis cum quas sit at. Eaque nesciunt suscipit rem totam. Ipsa veniam maiores ut magnam corrupti.', 580, 7, 3, '2018-11-20 15:00:44', '2018-11-20 15:00:44'),
(31, 'temporibus', 'Adipisci laborum qui atque et impedit vitae est. Laudantium commodi similique enim modi quos commodi. Iure necessitatibus est ab aliquid hic accusantium.', 938, 1, 27, '2018-11-20 15:00:44', '2018-11-20 15:00:44'),
(32, 'rerum', 'Recusandae voluptatem quo sequi eius. Expedita suscipit temporibus qui iusto et. Autem nisi ut ipsam id voluptas corrupti.', 844, 4, 28, '2018-11-20 15:00:44', '2018-11-20 15:00:44'),
(33, 'reiciendis', 'Et repudiandae voluptatem laborum repellat accusamus quasi. Hic quis mollitia enim autem voluptate earum culpa. Veniam ea molestias nisi quis debitis voluptatem. Eum harum praesentium corrupti qui.', 798, 8, 3, '2018-11-20 15:00:44', '2018-11-20 15:00:44'),
(34, 'adipisci', 'Ut iusto id adipisci omnis iure ipsum fugit. Vel iusto error voluptatem dolor quo corrupti.', 279, 9, 4, '2018-11-20 15:00:44', '2018-11-20 15:00:44'),
(35, 'amet', 'Aut qui blanditiis ut nihil porro repudiandae. Illo ducimus error sit placeat. Fuga voluptas repudiandae ex molestiae. Est provident iste magni iste.', 427, 2, 27, '2018-11-20 15:00:44', '2018-11-20 15:00:44'),
(36, 'maxime', 'Dolore quidem non nemo voluptas. Numquam ducimus nam enim dolore consectetur voluptatibus. Asperiores minima fugit consequatur fuga nostrum aut. Aut eveniet non neque est consequatur cupiditate iure. Qui error ut molestias delectus voluptas ut perspiciatis.', 494, 5, 7, '2018-11-20 15:00:44', '2018-11-20 15:00:44'),
(37, 'sed', 'Omnis quae nobis consequatur rerum aspernatur. Eveniet eos officia voluptatem reiciendis autem et. Aut ut eum ut ut est. Adipisci fugiat reprehenderit quaerat velit aspernatur sit repellat.', 843, 0, 23, '2018-11-20 15:00:44', '2018-11-20 15:00:44'),
(38, 'tenetur', 'Dolor deserunt voluptate eius quia animi. Ut consequatur nulla ullam at assumenda officia veritatis. Aut deserunt vel porro temporibus nulla porro. Fugit consequuntur dicta iusto officia error eveniet.', 559, 7, 25, '2018-11-20 15:00:44', '2018-11-20 15:00:44'),
(39, 'quia', 'Quia est ea voluptas sit dignissimos. Deserunt sed voluptatum accusantium commodi ullam eum suscipit. Delectus labore nihil voluptas quia magni optio.', 897, 8, 25, '2018-11-20 15:00:44', '2018-11-20 15:00:44'),
(40, 'molestiae', 'Aspernatur laboriosam est reprehenderit qui iusto vero quasi. Necessitatibus aperiam enim exercitationem alias quasi eius sed. Tempora deleniti voluptas qui qui accusantium praesentium doloremque ut. Aliquam ipsam adipisci cumque.', 614, 6, 6, '2018-11-20 15:00:44', '2018-11-20 15:00:44'),
(41, 'laborum', 'Quis corrupti quis possimus recusandae amet est placeat. Quibusdam voluptas quaerat ratione hic laudantium. Officiis voluptatem voluptatem dolore ea impedit quia. Accusamus atque quo atque itaque libero aut ut voluptas.', 694, 0, 30, '2018-11-20 15:00:44', '2018-11-20 15:00:44'),
(42, 'eius', 'Excepturi aperiam debitis et dolores qui voluptatem. Sed ipsa eligendi quod qui. Tenetur dolorum est numquam sed ab. Eius iusto temporibus modi et voluptas est.', 150, 8, 29, '2018-11-20 15:00:44', '2018-11-20 15:00:44'),
(43, 'ab', 'Voluptatum voluptas et saepe provident aliquam tenetur eum. Vel sequi voluptate quas eius et consequatur. Ut ut quos exercitationem. Quo vero laudantium quo est.', 363, 1, 28, '2018-11-20 15:00:44', '2018-11-20 15:00:44'),
(44, 'quia', 'Harum aut facere facere dolores mollitia. Similique ut est laborum blanditiis. Qui sit repellat nam doloremque. Quaerat dicta et voluptatem est sit dolorem.', 278, 3, 8, '2018-11-20 15:00:44', '2018-11-20 15:00:44'),
(45, 'iste', 'Cum eveniet ut ad. Ullam aut commodi ea deleniti perferendis. Voluptatibus omnis quam deserunt nulla sequi eum minus.', 917, 8, 14, '2018-11-20 15:00:44', '2018-11-20 15:00:44'),
(46, 'omnis', 'Illo ipsa et id quasi. A molestias ea qui et. Laudantium et repellendus fugiat quas voluptatem. Eum labore omnis maxime id magnam veniam est.', 691, 2, 17, '2018-11-20 15:00:44', '2018-11-20 15:00:44'),
(47, 'dolor', 'Maiores tenetur voluptas quia libero. Vel doloremque dicta aut asperiores. Distinctio est enim itaque voluptas veritatis autem. Rem vero et illo sint perferendis ut.', 807, 8, 13, '2018-11-20 15:00:44', '2018-11-20 15:00:44'),
(48, 'eveniet', 'Qui voluptas numquam temporibus ut itaque. Reprehenderit quas quaerat laboriosam sequi. Minima magnam libero ullam maiores.', 535, 9, 14, '2018-11-20 15:00:44', '2018-11-20 15:00:44'),
(49, 'dolorem', 'Labore quae consequatur qui cupiditate. Aperiam quasi rerum possimus suscipit officiis blanditiis molestiae itaque. Et voluptas quia temporibus veritatis sed.', 566, 9, 12, '2018-11-20 15:00:44', '2018-11-20 15:00:44'),
(50, 'deserunt', 'Est autem velit veniam aut neque. Consectetur quia sapiente doloremque sed. Ipsum magni accusamus reprehenderit ipsum sit inventore.', 303, 3, 22, '2018-11-20 15:00:44', '2018-11-20 15:00:44');

-- --------------------------------------------------------

--
-- Table structure for table `reviews`
--

CREATE TABLE `reviews` (
  `id` int(10) UNSIGNED NOT NULL,
  `product_id` int(10) UNSIGNED NOT NULL,
  `customer` varchar(191) COLLATE utf8mb4_unicode_ci NOT NULL,
  `review` text COLLATE utf8mb4_unicode_ci NOT NULL,
  `star` int(11) NOT NULL,
  `created_at` timestamp NULL DEFAULT NULL,
  `updated_at` timestamp NULL DEFAULT NULL
) ENGINE=InnoDB DEFAULT CHARSET=utf8mb4 COLLATE=utf8mb4_unicode_ci;

--
-- Dumping data for table `reviews`
--

INSERT INTO `reviews` (`id`, `product_id`, `customer`, `review`, `star`, `created_at`, `updated_at`) VALUES
(1, 25, 'Vincenza Watsica II', 'Similique ea et eum autem quam. Inventore doloremque enim earum illo officiis. Maxime et est voluptates vel pariatur quis. Aut dolorem est assumenda placeat temporibus rem.', 1, '2018-11-20 15:00:44', '2018-11-20 15:00:44'),
(2, 42, 'Reese Gusikowski', 'Architecto numquam sequi dignissimos soluta. Dolorem quas illum ut consequatur aut explicabo rerum. Nihil quia optio aut porro. Aut consequatur porro repellendus totam. Saepe dolor quis aliquam.', 0, '2018-11-20 15:00:44', '2018-11-20 15:00:44'),
(3, 43, 'Norris Lebsack', 'Dolores modi ullam et et quas accusamus a. Aut qui fugiat et ut officia quibusdam. Consequuntur in temporibus est explicabo illum maxime dolor. Est dignissimos est quos non aut voluptatibus.', 5, '2018-11-20 15:00:44', '2018-11-20 15:00:44'),
(4, 36, 'Waldo Leuschke PhD', 'Possimus aut voluptates repudiandae. Voluptatem quaerat cumque repudiandae vero est velit consectetur.', 3, '2018-11-20 15:00:44', '2018-11-20 15:00:44'),
(5, 32, 'Liliana Ebert Jr.', 'Hic corporis est reiciendis facere exercitationem odit earum. Ipsam veniam alias aut et quia nostrum dolorum rerum. Ut porro quasi voluptatem odio sed.', 5, '2018-11-20 15:00:44', '2018-11-20 15:00:44'),
(6, 27, 'Dr. Jeanne Emmerich V', 'Perspiciatis rerum eum eligendi nihil beatae neque. Aut quam est et at perferendis provident. Et enim aut perferendis non est.', 5, '2018-11-20 15:00:44', '2018-11-20 15:00:44'),
(7, 36, 'Ryley Kuhn', 'Unde harum et hic voluptate sed odit velit. Qui qui saepe quis. Tempora optio rerum adipisci temporibus labore. Culpa quisquam sapiente possimus qui possimus.', 5, '2018-11-20 15:00:44', '2018-11-20 15:00:44'),
(8, 16, 'Prof. Malcolm Daugherty', 'Qui voluptate odio impedit provident neque optio cupiditate iure. Porro in sequi ullam et molestiae quidem alias soluta. Dolor deserunt quia ipsum perferendis magnam. Ex earum et aut eos.', 0, '2018-11-20 15:00:44', '2018-11-20 15:00:44'),
(9, 35, 'Sim Rau', 'Ullam similique possimus laboriosam. Nulla architecto distinctio quod quibusdam voluptate dignissimos modi vel. Sunt voluptatem perferendis non odio dolorem.', 4, '2018-11-20 15:00:44', '2018-11-20 15:00:44'),
(10, 9, 'Sigrid Dietrich', 'Nostrum quae natus in consequatur et eum. Qui atque mollitia eum. Blanditiis sit saepe qui fugiat. Quidem numquam fuga veritatis voluptatem et eos.', 0, '2018-11-20 15:00:44', '2018-11-20 15:00:44'),
(11, 7, 'Garfield Christiansen PhD', 'Autem quis animi consequuntur modi tempora tempora. Aspernatur qui optio adipisci ut. Odio vel omnis dolor. Et ab cum iure ullam optio et. Nam accusantium totam et quisquam eos recusandae quibusdam voluptatem.', 4, '2018-11-20 15:00:44', '2018-11-20 15:00:44'),
(12, 48, 'Akeem Bogisich', 'Ipsa cum et modi dolor nihil similique. Voluptas quod commodi aut doloribus voluptate. Dolorum illo et explicabo voluptatum laborum voluptas. Eum ea qui qui reiciendis.', 5, '2018-11-20 15:00:44', '2018-11-20 15:00:44'),
(13, 18, 'Mr. Waldo Adams Sr.', 'Repudiandae omnis perspiciatis molestias velit in ex. Sed eveniet saepe adipisci sequi voluptates adipisci soluta. Qui facilis officiis corrupti qui est. Praesentium tempore aut et cumque aut ratione.', 0, '2018-11-20 15:00:44', '2018-11-20 15:00:44'),
(14, 50, 'Cydney Wehner', 'Autem ut distinctio animi nihil temporibus eaque nobis. Vel ut reprehenderit qui non. Aut iste qui placeat qui sit illum doloremque laboriosam.', 2, '2018-11-20 15:00:44', '2018-11-20 15:00:44'),
(15, 30, 'Jeanie Mante', 'Qui dolor sed blanditiis itaque. Dolores nihil vitae voluptates aut neque. Eos quasi voluptatem ut eos qui animi. Soluta in officia libero totam officia.', 0, '2018-11-20 15:00:45', '2018-11-20 15:00:45'),
(16, 3, 'Kelli Lockman', 'Pariatur eius mollitia rerum id ipsa. Ex aut et quibusdam voluptatem maiores. Labore a voluptas ipsum labore et qui voluptatem.', 1, '2018-11-20 15:00:45', '2018-11-20 15:00:45'),
(17, 28, 'Sylvan Kihn', 'Soluta et expedita dolore esse qui. Illo quisquam ut qui libero ullam adipisci. Est iusto non quaerat non ut corporis suscipit. Est sit provident porro suscipit et id.', 0, '2018-11-20 15:00:45', '2018-11-20 15:00:45'),
(18, 10, 'Trinity Lubowitz', 'Ea modi atque cupiditate et. Cupiditate recusandae eligendi modi non qui ut excepturi. Reiciendis eligendi tenetur aliquam et ut.', 2, '2018-11-20 15:00:45', '2018-11-20 15:00:45'),
(19, 36, 'Miss Autumn Will', 'Officia eos et incidunt quam maxime. Accusantium aut hic vel dolor. Non ab nesciunt exercitationem unde ea temporibus. Nobis voluptates nulla repellendus voluptatem vel perspiciatis.', 3, '2018-11-20 15:00:45', '2018-11-20 15:00:45'),
(20, 8, 'Taryn Goodwin PhD', 'Tempore ut autem impedit fugiat magnam dicta est sunt. Nihil ipsam consequatur rerum perferendis. Consequatur sunt qui ut aperiam qui aliquam quasi.', 0, '2018-11-20 15:00:45', '2018-11-20 15:00:45'),
(21, 24, 'Ian Moen II', 'Accusantium nesciunt recusandae deleniti tempore molestias. Labore voluptatum perspiciatis facere doloribus. Voluptatem suscipit ratione ut aliquid qui dolores. Autem esse omnis hic ducimus et voluptates quibusdam.', 3, '2018-11-20 15:00:45', '2018-11-20 15:00:45'),
(22, 10, 'Miss Clemmie Weimann', 'Quis dolor architecto incidunt culpa. Unde cupiditate aut doloremque sit facilis ex. Beatae magni minima voluptatem quod.', 0, '2018-11-20 15:00:45', '2018-11-20 15:00:45'),
(23, 12, 'Mr. Bernhard D\'Amore', 'Doloremque facere et ut est. Maiores ut dignissimos nulla. Eum et quibusdam enim debitis. Ipsa quia et architecto esse tenetur excepturi. Quisquam sunt esse autem a sed.', 0, '2018-11-20 15:00:45', '2018-11-20 15:00:45'),
(24, 2, 'Dr. Margarita Adams', 'Vel suscipit aliquam optio id perspiciatis. Ipsam aut molestiae doloremque.', 3, '2018-11-20 15:00:45', '2018-11-20 15:00:45'),
(25, 49, 'Prof. Allene Prohaska DDS', 'Veritatis aut nulla ut ex velit occaecati atque dicta. Ipsum omnis temporibus autem.', 1, '2018-11-20 15:00:45', '2018-11-20 15:00:45'),
(26, 44, 'Dr. Hilma Koch DDS', 'Illo alias doloremque autem sunt consequuntur voluptas. Quaerat error qui id ullam ad. Inventore aliquam repellat et sed inventore.', 1, '2018-11-20 15:00:45', '2018-11-20 15:00:45'),
(27, 28, 'Jarvis Mitchell', 'Repellendus quis ex qui vel. Officiis dignissimos similique totam. Aut dolorum vel aut.', 2, '2018-11-20 15:00:45', '2018-11-20 15:00:45'),
(28, 28, 'Sincere Gislason', 'Debitis consectetur aut aut laudantium placeat. Exercitationem aut qui ut autem. Ratione velit repellendus itaque. Enim qui eos id et voluptatem non.', 3, '2018-11-20 15:00:45', '2018-11-20 15:00:45'),
(29, 18, 'Dr. Giovani Hansen', 'Et dolores saepe explicabo doloribus repellendus. Mollitia nihil repellat rerum ipsam. Dignissimos eos unde in aliquam omnis facere. Pariatur minima dolor totam consectetur vel accusantium quo sunt.', 2, '2018-11-20 15:00:45', '2018-11-20 15:00:45'),
(30, 19, 'Maddison Nader IV', 'Perspiciatis eos vel corrupti dolorem aut aut voluptates. Sit minima est assumenda nemo. Fugiat blanditiis unde animi eligendi perspiciatis aut. Officia odit voluptatibus aut est iste.', 0, '2018-11-20 15:00:45', '2018-11-20 15:00:45'),
(31, 24, 'Caroline Johns', 'Consectetur ea voluptas maiores quasi ex est deleniti. Vitae ut et ducimus earum ipsam delectus. Et quo facilis velit sunt.', 5, '2018-11-20 15:00:45', '2018-11-20 15:00:45'),
(32, 6, 'Dr. Edmund Mills', 'Nihil repellendus corrupti eum voluptatum dolor ut dolorem et. Maiores vitae libero et et. Dolor at vel aut aut harum quas sint sed. Eius voluptas eveniet expedita autem illum sit.', 3, '2018-11-20 15:00:45', '2018-11-20 15:00:45'),
(33, 27, 'Meagan Fritsch', 'Sapiente eum itaque similique aliquid eligendi est aut. Mollitia nobis at labore aut placeat ad. Commodi rem et adipisci et aperiam.', 4, '2018-11-20 15:00:45', '2018-11-20 15:00:45'),
(34, 49, 'Kelli Lynch III', 'Molestiae non quis autem rem et. Ea vero voluptates dolorum. Totam ipsam aperiam reiciendis voluptatibus excepturi doloremque ratione. Tenetur aliquid a quasi voluptates excepturi velit quidem.', 1, '2018-11-20 15:00:45', '2018-11-20 15:00:45'),
(35, 32, 'Sheldon Harris III', 'Eum repellat omnis dicta hic. Libero nesciunt enim nobis aut. Molestias voluptas exercitationem iste quaerat blanditiis.', 4, '2018-11-20 15:00:45', '2018-11-20 15:00:45'),
(36, 44, 'Era Eichmann', 'Quaerat ut fuga minus molestiae ea. Quo ut qui dolorum labore blanditiis. Excepturi quia possimus exercitationem earum architecto aut voluptas.', 0, '2018-11-20 15:00:45', '2018-11-20 15:00:45'),
(37, 19, 'Misael Conn PhD', 'Sed repudiandae ad qui est dolores rerum provident. Ut sint et dolores suscipit exercitationem quisquam quisquam eos. Eum suscipit ut sed illum qui. Ea maxime officia ullam at.', 5, '2018-11-20 15:00:45', '2018-11-20 15:00:45'),
(38, 2, 'Dr. Nathen Emard Sr.', 'Amet facilis non quasi unde quibusdam aliquam dolores. Harum voluptatibus excepturi voluptates et. Ut deleniti debitis velit necessitatibus sed. Quam perferendis sit exercitationem qui aliquid et adipisci.', 4, '2018-11-20 15:00:45', '2018-11-20 15:00:45'),
(39, 5, 'Briana Predovic', 'Nostrum similique labore at odio. Fugiat expedita ut animi quasi. Non tempore ut minima.', 2, '2018-11-20 15:00:45', '2018-11-20 15:00:45'),
(40, 29, 'Aurelio Franecki', 'Libero ea similique non eius qui dolorum minima. Ipsa exercitationem sed est nesciunt placeat.', 4, '2018-11-20 15:00:45', '2018-11-20 15:00:45'),
(41, 26, 'Brock Fadel', 'Quis tempora ut mollitia qui at. Omnis fuga impedit molestias culpa ut. Est delectus dolorem necessitatibus ratione veniam iure. Sit architecto est in nesciunt.', 1, '2018-11-20 15:00:45', '2018-11-20 15:00:45'),
(42, 28, 'Dr. Brody Swift', 'Voluptatibus aut nam omnis expedita modi quam. Et consequatur quas natus iusto aut fuga. Sit architecto et voluptatem dolor minus.', 3, '2018-11-20 15:00:45', '2018-11-20 15:00:45'),
(43, 40, 'Vernon Schuster', 'Sit laboriosam at nisi. Temporibus perspiciatis quidem est possimus harum. Expedita voluptatem optio voluptate qui aperiam.', 5, '2018-11-20 15:00:45', '2018-11-20 15:00:45'),
(44, 29, 'Mabelle Corwin III', 'At natus saepe dicta nesciunt aut tempore. Consequatur dolor facilis quos deserunt a architecto. Cupiditate aliquam vero dolor id quia commodi. Exercitationem quod sed dolores eligendi.', 0, '2018-11-20 15:00:45', '2018-11-20 15:00:45'),
(45, 28, 'Kari Romaguera', 'Aut sunt est deserunt numquam saepe odio. Iure voluptatem quod quia amet saepe placeat aut cum. Ut occaecati ducimus aperiam quos ut ut corporis.', 3, '2018-11-20 15:00:45', '2018-11-20 15:00:45'),
(46, 2, 'Gunnar Waters', 'Facilis tenetur vel sit qui molestiae perspiciatis libero. Animi sapiente sunt non exercitationem voluptatibus. Rem provident pariatur maxime quia autem a repellat.', 3, '2018-11-20 15:00:45', '2018-11-20 15:00:45'),
(47, 11, 'Roy Kshlerin', 'Ipsam dolorem molestiae accusamus voluptatem laboriosam sit. Sed repellendus et voluptas non ab. Sed voluptatibus dolor qui facilis dolorum. Et blanditiis eaque nihil et repudiandae.', 4, '2018-11-20 15:00:45', '2018-11-20 15:00:45'),
(48, 42, 'Michele Rowe', 'Qui non nam sequi est repellat eveniet quidem. Eum sed quia enim voluptatem iure assumenda reiciendis. Incidunt deleniti dolor eligendi voluptas delectus exercitationem. Qui repellendus quae dicta et.', 1, '2018-11-20 15:00:45', '2018-11-20 15:00:45'),
(49, 37, 'Vilma Howell MD', 'Quisquam qui corrupti doloribus illo fuga et optio. Laborum voluptas enim nam in. Suscipit necessitatibus dolor et.', 5, '2018-11-20 15:00:45', '2018-11-20 15:00:45'),
(50, 14, 'Shaniya Cronin', 'Qui inventore delectus exercitationem qui quisquam natus. Magnam soluta ipsa non sit in.', 3, '2018-11-20 15:00:45', '2018-11-20 15:00:45'),
(51, 43, 'Brooke Romaguera', 'Veniam odio aut ut deserunt quo eveniet aut. Veniam nisi eligendi est repudiandae asperiores reprehenderit ipsum. Quasi dolore commodi est et nesciunt ut voluptates.', 2, '2018-11-20 15:00:45', '2018-11-20 15:00:45'),
(52, 34, 'Dr. Remington Schoen MD', 'Doloribus ex molestiae omnis maxime voluptas et odio. Cum ratione ut nihil. Quaerat rerum cumque doloremque ut sunt. Earum sunt excepturi mollitia.', 1, '2018-11-20 15:00:45', '2018-11-20 15:00:45'),
(53, 7, 'Garland Deckow', 'Voluptas quas aut occaecati incidunt saepe voluptas dolor animi. Omnis harum veritatis deserunt pariatur velit et. Sit deserunt reprehenderit voluptate voluptates.', 1, '2018-11-20 15:00:45', '2018-11-20 15:00:45'),
(54, 32, 'Mrs. Luz Aufderhar', 'Aut molestiae vel voluptas eius ea aspernatur eaque. Omnis saepe nihil quis accusantium. Ut recusandae quia et molestiae id corrupti.', 3, '2018-11-20 15:00:45', '2018-11-20 15:00:45'),
(55, 26, 'Clementine Schulist MD', 'Magnam quis dolorem dolores a enim. Sapiente possimus fugiat eos officia. Eveniet ea totam iste ab.', 3, '2018-11-20 15:00:45', '2018-11-20 15:00:45'),
(56, 41, 'Benjamin Lind', 'Sequi ullam cupiditate impedit et facilis at fugit. Iusto consectetur aut consequuntur quis dolore voluptatibus enim. Qui quod pariatur quis laboriosam illum neque minima. Temporibus et voluptatem aut accusamus distinctio dolores. Animi ut ratione incidunt libero quod.', 3, '2018-11-20 15:00:45', '2018-11-20 15:00:45'),
(57, 10, 'Pedro Hickle', 'Nulla et illum quos eos dolor vel quis. Voluptates accusantium deleniti vel quasi laboriosam. Aspernatur dolores impedit repellat quaerat hic. Suscipit eos laboriosam assumenda.', 0, '2018-11-20 15:00:45', '2018-11-20 15:00:45'),
(58, 7, 'Tyson Kshlerin', 'Culpa pariatur porro voluptate ipsa. Necessitatibus quia doloribus rerum dolores sequi ipsum repellendus. Dolor eaque ab eum rerum. Eos corporis ipsam non necessitatibus totam voluptatum.', 0, '2018-11-20 15:00:45', '2018-11-20 15:00:45'),
(59, 4, 'Mr. Kelley Howe', 'Ullam voluptas est et molestias. Atque sit voluptates iusto accusantium doloremque ut. Blanditiis placeat voluptatem et.', 4, '2018-11-20 15:00:45', '2018-11-20 15:00:45'),
(60, 45, 'Emely Bayer', 'Sed in consectetur ipsam facilis eligendi. Cumque eos libero aut non. Maiores ipsam aut officia dolor ut animi.', 2, '2018-11-20 15:00:45', '2018-11-20 15:00:45'),
(61, 26, 'Judah Johnson', 'Qui accusantium possimus excepturi aut quia id. Dignissimos assumenda praesentium sint quo. Et nulla ducimus dolor excepturi.', 3, '2018-11-20 15:00:45', '2018-11-20 15:00:45'),
(62, 18, 'Dr. Germaine Boyle', 'Et ipsam et qui doloremque rerum possimus. Doloremque totam delectus enim accusamus ullam repellendus. Autem dolorem suscipit nihil. Omnis architecto velit aliquid cupiditate.', 3, '2018-11-20 15:00:45', '2018-11-20 15:00:45'),
(63, 33, 'Dr. Mara Hessel', 'Voluptatem repellendus cum provident qui harum aliquid rem qui. Ab consequatur distinctio sed vel ad esse quia. Dolores earum optio id autem. Corporis perferendis exercitationem consectetur unde nihil.', 5, '2018-11-20 15:00:45', '2018-11-20 15:00:45'),
(64, 5, 'Hector Jakubowski I', 'Ipsam perspiciatis voluptates qui ut delectus. Quo alias non quia inventore corrupti. Hic consequatur pariatur at velit sit. Qui exercitationem nam quis cumque.', 3, '2018-11-20 15:00:45', '2018-11-20 15:00:45'),
(65, 35, 'Cathryn Goodwin', 'Numquam quam dolor aut ut incidunt ut. Eum id similique est iure. Rerum aspernatur hic necessitatibus hic. Quo odit voluptates modi quas voluptate aliquam et.', 2, '2018-11-20 15:00:45', '2018-11-20 15:00:45'),
(66, 34, 'Lemuel Eichmann', 'Nihil id a neque aut voluptas velit voluptatem. Consequatur excepturi incidunt ut dolor odio fugit. Laborum architecto placeat voluptatem suscipit rerum ratione. Quae aut cupiditate eius praesentium ipsa et saepe.', 1, '2018-11-20 15:00:45', '2018-11-20 15:00:45'),
(67, 17, 'Brown Ondricka', 'Et ut id qui dolor et quo. Qui modi et aut quia et voluptatum autem. Repellat qui rerum quia quam alias adipisci sed voluptas. Nostrum voluptas minima sapiente.', 1, '2018-11-20 15:00:45', '2018-11-20 15:00:45'),
(68, 25, 'Dr. Jean Leuschke DDS', 'Dicta aut maxime et doloribus voluptate rerum possimus. Officiis ut qui aut distinctio doloribus. Odio dignissimos perspiciatis placeat dolor. Corrupti impedit quidem tenetur.', 4, '2018-11-20 15:00:45', '2018-11-20 15:00:45'),
(69, 42, 'Mr. Keanu Cassin Sr.', 'Pariatur quos excepturi velit assumenda. Quo provident et neque ex explicabo ea vero. Iste soluta voluptates sed hic dolorum. Qui asperiores distinctio consequuntur.', 3, '2018-11-20 15:00:45', '2018-11-20 15:00:45'),
(70, 22, 'Petra Fritsch', 'Distinctio aliquam quasi sed sapiente et. Id molestias illo repellat. Harum laboriosam voluptatem dolor. Aut animi voluptates quia ut suscipit.', 4, '2018-11-20 15:00:45', '2018-11-20 15:00:45'),
(71, 9, 'Alene Wolff', 'Ex nostrum vitae voluptatem ut sit. Eligendi maxime laborum placeat veritatis laudantium omnis. Alias perspiciatis aut amet qui.', 0, '2018-11-20 15:00:45', '2018-11-20 15:00:45'),
(72, 12, 'Clyde Kassulke', 'Accusamus eaque dolor ipsum quaerat. Voluptatem et perferendis et qui laboriosam nisi numquam. Quae rerum rerum voluptas tenetur recusandae qui velit ea.', 4, '2018-11-20 15:00:45', '2018-11-20 15:00:45'),
(73, 22, 'Oscar Kertzmann MD', 'Veritatis eos architecto qui aut. At adipisci voluptates eum est. Dolorum voluptate ipsa eos iusto molestias provident nostrum. Et illum animi sint quibusdam.', 5, '2018-11-20 15:00:45', '2018-11-20 15:00:45'),
(74, 5, 'Horacio Wilkinson', 'Voluptatem ut asperiores at modi pariatur est. Quis a quaerat dolorem sed accusantium. Illo quasi et ut sed vitae consequatur. Quo maxime aliquid nihil sequi aperiam.', 2, '2018-11-20 15:00:45', '2018-11-20 15:00:45'),
(75, 43, 'Lucas Padberg', 'Temporibus unde sint libero nihil amet aspernatur reiciendis. Explicabo natus quo nihil omnis. Cupiditate quo quia pariatur sed. Adipisci et atque cum quam totam quam.', 1, '2018-11-20 15:00:45', '2018-11-20 15:00:45'),
(76, 7, 'Dr. Zane Emard PhD', 'Rem voluptates maxime perspiciatis totam omnis esse ut. Qui libero delectus aut qui ut voluptate numquam. Perspiciatis velit esse cumque laborum atque nostrum exercitationem. Iusto nisi amet aut reprehenderit ipsum.', 3, '2018-11-20 15:00:45', '2018-11-20 15:00:45'),
(77, 26, 'Amanda Zemlak II', 'Accusantium debitis alias veritatis et. Id quaerat ut sunt iste sed laborum. Iure aliquam incidunt expedita consequatur itaque veritatis. Blanditiis reiciendis necessitatibus aliquam soluta culpa.', 4, '2018-11-20 15:00:45', '2018-11-20 15:00:45'),
(78, 22, 'Mr. Martin Kshlerin', 'Sed hic sunt totam. Distinctio est quis ea neque enim esse. Ut veniam beatae hic labore sit. Dolore quas quod labore magnam distinctio.', 2, '2018-11-20 15:00:45', '2018-11-20 15:00:45'),
(79, 22, 'Rosario Christiansen II', 'Eaque officiis sint doloremque molestiae consequatur ut. Quia ipsam ut illo ut. Corrupti officiis ipsum velit est.', 0, '2018-11-20 15:00:45', '2018-11-20 15:00:45'),
(80, 36, 'Prof. Heather Rau', 'Aut id omnis doloribus eos. Et aut ipsam itaque.', 5, '2018-11-20 15:00:45', '2018-11-20 15:00:45'),
(81, 3, 'Brandy Streich', 'Blanditiis exercitationem impedit tenetur aut iste ut. Quia expedita sed repellat praesentium molestias. Hic velit sapiente laborum consequatur et commodi est et. Neque architecto a amet delectus laborum repellendus.', 0, '2018-11-20 15:00:45', '2018-11-20 15:00:45'),
(82, 35, 'Prof. Columbus Nienow II', 'Deleniti et vel eveniet neque minus et accusantium sint. Consectetur animi dicta deserunt accusamus odit sed dolor. Labore occaecati voluptate vel nihil. Hic odit numquam id corrupti aut inventore deserunt vel.', 1, '2018-11-20 15:00:45', '2018-11-20 15:00:45'),
(83, 26, 'Alverta Medhurst DDS', 'Atque officiis reprehenderit soluta omnis asperiores modi voluptatem. Voluptas animi aut et eum error ex labore. Ut qui vitae dolores dolorem. Consequatur consequatur perspiciatis temporibus similique at maxime iusto. Aut dicta rerum eveniet est voluptatem.', 5, '2018-11-20 15:00:45', '2018-11-20 15:00:45'),
(84, 8, 'Morton Koss', 'Minus est consequuntur sint rerum consequatur non voluptate eos. Corporis aut nesciunt repellendus dolore illum. Soluta quam et sit esse dolorum. Nihil tempora qui consequuntur dolor.', 2, '2018-11-20 15:00:45', '2018-11-20 15:00:45'),
(85, 15, 'Gilbert Lockman', 'Exercitationem id facilis consectetur iste facere sapiente neque corporis. Repudiandae veritatis magnam molestias quisquam error. Distinctio ad accusamus molestiae aut voluptatum. Laborum molestiae quia inventore aliquam.', 1, '2018-11-20 15:00:45', '2018-11-20 15:00:45'),
(86, 44, 'Aryanna Collier PhD', 'Blanditiis nihil et et ad maiores quos et. Quibusdam soluta aut reiciendis quas. Aspernatur similique sunt qui sint. Provident cum autem corporis ullam ullam quasi incidunt. Minima officia dolorem aut et.', 4, '2018-11-20 15:00:45', '2018-11-20 15:00:45'),
(87, 25, 'Kory Kshlerin', 'Praesentium molestias dolor eum reprehenderit sint. Illum saepe illum quam.', 2, '2018-11-20 15:00:45', '2018-11-20 15:00:45'),
(88, 23, 'Dahlia Dibbert DDS', 'Dolorem autem ut illum quasi rerum. Exercitationem maiores molestiae qui et et vitae. Ut enim excepturi laborum pariatur temporibus molestiae.', 5, '2018-11-20 15:00:45', '2018-11-20 15:00:45'),
(89, 26, 'Prof. Delores Larkin', 'Facere suscipit minus eaque distinctio perferendis cumque. Voluptatum accusantium eum fuga totam qui vel.', 3, '2018-11-20 15:00:45', '2018-11-20 15:00:45'),
(90, 31, 'Berneice Marks', 'Nihil ullam beatae vel molestiae sint aliquam. Nemo aut eligendi nisi deleniti. Voluptate sequi eius aut quas. Corporis magni quo distinctio ipsam quo numquam.', 2, '2018-11-20 15:00:45', '2018-11-20 15:00:45'),
(91, 45, 'Chelsie Luettgen', 'Odit praesentium fuga quia perspiciatis. Animi tenetur asperiores temporibus ut est.', 0, '2018-11-20 15:00:45', '2018-11-20 15:00:45'),
(92, 1, 'Fatima Effertz MD', 'Voluptas non accusamus ut. Exercitationem eius ducimus sit qui a aliquid. Sunt velit rem ipsa et ea modi. Velit voluptatem numquam animi quia et et. Sed consequatur error porro sit corporis esse illo.', 2, '2018-11-20 15:00:45', '2018-11-20 15:00:45'),
(93, 21, 'Prof. Daren Gaylord IV', 'Tenetur ratione accusantium minima alias voluptatem. Quae est explicabo qui ea deserunt dolore cupiditate et. Exercitationem sed earum minus rem voluptas animi. Est quidem illo reprehenderit qui tempora qui cum.', 2, '2018-11-20 15:00:45', '2018-11-20 15:00:45'),
(94, 11, 'Jake Kovacek', 'Et dolorem consequatur sunt eaque odit est illo. Perspiciatis quia in et nobis. Et consequatur qui deleniti. Quae nostrum sit dolores eum id dolorem omnis error.', 3, '2018-11-20 15:00:45', '2018-11-20 15:00:45'),
(95, 13, 'Enola Lehner II', 'Necessitatibus voluptatem ipsam voluptas sed quo ab. Aut reiciendis veniam quasi reprehenderit assumenda ad optio. Laboriosam id at earum.', 5, '2018-11-20 15:00:45', '2018-11-20 15:00:45'),
(96, 5, 'Flo Abernathy', 'Iste officia provident eum veniam aut enim at. Eum rem cumque omnis qui culpa culpa est veniam. Qui alias rerum qui aut ut vel. Et repellat facere ratione praesentium tempore qui ipsam nam.', 0, '2018-11-20 15:00:45', '2018-11-20 15:00:45'),
(97, 26, 'Issac Cummings', 'Eius libero exercitationem doloremque praesentium dolorum est deserunt. In minus illo voluptas et doloribus consequuntur maxime. Velit aperiam similique sed quidem.', 0, '2018-11-20 15:00:45', '2018-11-20 15:00:45'),
(98, 31, 'Paige Kautzer', 'Sequi aliquid quia earum culpa. Iste error eligendi occaecati aperiam eum.', 1, '2018-11-20 15:00:45', '2018-11-20 15:00:45'),
(99, 50, 'Dr. Kaylin Bruen Jr.', 'Ut dignissimos neque ut qui ut dolores. Ea inventore nihil inventore sit. Voluptates in eos sed tempora molestiae nam. Nostrum quisquam nemo et iure.', 2, '2018-11-20 15:00:45', '2018-11-20 15:00:45'),
(100, 8, 'Sherwood Tillman Sr.', 'Hic ut molestiae amet. Maxime consectetur animi et corrupti totam omnis placeat molestiae.', 4, '2018-11-20 15:00:45', '2018-11-20 15:00:45'),
(101, 18, 'Hardy Armstrong PhD', 'Minus adipisci nihil ipsum placeat consectetur. Molestiae repellendus quam voluptatem et enim necessitatibus. Sit vel omnis deserunt cumque quis.', 4, '2018-11-20 15:00:45', '2018-11-20 15:00:45'),
(102, 25, 'Kayla Kris', 'Tempore recusandae accusantium nemo et. Sequi omnis reprehenderit provident veniam adipisci dolore. Debitis commodi tempore molestias molestiae aut.', 3, '2018-11-20 15:00:45', '2018-11-20 15:00:45'),
(103, 27, 'Crystal Sauer', 'Cum et et vel nulla. Sint eveniet ut enim itaque nobis velit at sed. Consectetur dolore enim animi illum velit voluptas et. Architecto sed ducimus ducimus.', 2, '2018-11-20 15:00:45', '2018-11-20 15:00:45'),
(104, 19, 'Wendy Kuhlman', 'Nihil consectetur ut quo eius quae repellendus. Dignissimos consequatur temporibus consequuntur quidem aspernatur est. Ipsum vel tempore nesciunt hic saepe odio possimus. Labore enim perspiciatis laudantium pariatur dolores et natus.', 2, '2018-11-20 15:00:45', '2018-11-20 15:00:45'),
(105, 29, 'Mr. Giovani Von II', 'Et laboriosam quam magnam unde et laboriosam ratione adipisci. Officia quo error quos nemo asperiores odio. Ut laboriosam et amet numquam atque.', 3, '2018-11-20 15:00:45', '2018-11-20 15:00:45'),
(106, 35, 'Faustino Cole', 'Odit dolorum quae exercitationem quis non ut odio. Aliquid consequatur architecto rerum neque libero explicabo id. Quisquam enim tempora debitis ut similique et sed.', 1, '2018-11-20 15:00:45', '2018-11-20 15:00:45'),
(107, 20, 'Margarete Will PhD', 'Hic cum est consequatur distinctio beatae. Quam reprehenderit quam dignissimos saepe libero alias.', 3, '2018-11-20 15:00:45', '2018-11-20 15:00:45'),
(108, 22, 'Mr. Raymond Brown III', 'Quia et atque sunt non nobis minima sed delectus. Repudiandae sunt eos sed et quia. Natus voluptatem rerum excepturi ducimus. Itaque deleniti dolor consequatur qui blanditiis maiores. Ullam odio ad autem.', 0, '2018-11-20 15:00:45', '2018-11-20 15:00:45'),
(109, 17, 'Dolores Donnelly', 'Praesentium delectus quis aliquid animi voluptatem. Sit est aperiam dolor ut magnam qui. Voluptas veritatis et autem tempore et.', 4, '2018-11-20 15:00:45', '2018-11-20 15:00:45'),
(110, 17, 'Sydni Boyle DDS', 'Voluptate quas nobis ut odit odit minima. Dolorem id similique assumenda ut ex.', 4, '2018-11-20 15:00:45', '2018-11-20 15:00:45'),
(111, 49, 'Dax Kassulke', 'Reiciendis dolore qui voluptas culpa iusto. Rerum error ab nam dolores.', 5, '2018-11-20 15:00:45', '2018-11-20 15:00:45'),
(112, 7, 'Ellie Little', 'Aut dicta et voluptatem velit consequuntur. Necessitatibus sunt nobis odio recusandae. Distinctio qui voluptatibus aliquid nostrum cumque odio quia.', 2, '2018-11-20 15:00:45', '2018-11-20 15:00:45'),
(113, 44, 'Prof. Polly Hoeger DDS', 'Eveniet voluptatibus nostrum aut dolores totam debitis dicta vel. Est eveniet sunt ut nulla hic temporibus. Dolorem sunt sed voluptas eaque. Quia est aut quos omnis at.', 5, '2018-11-20 15:00:45', '2018-11-20 15:00:45'),
(114, 36, 'Clementine Schamberger', 'Et autem omnis animi cupiditate provident ad. Deleniti est nostrum enim libero sint. Ipsum eveniet recusandae consequatur porro.', 1, '2018-11-20 15:00:45', '2018-11-20 15:00:45'),
(115, 19, 'Kenyatta O\'Kon', 'Nam rerum est mollitia id optio. Neque eveniet ut sint. Aliquam qui aut rerum sunt nemo nisi minus.', 0, '2018-11-20 15:00:45', '2018-11-20 15:00:45'),
(116, 1, 'Clifford Ledner', 'Soluta qui et officiis commodi. Est iure consequatur quia qui. Nemo omnis reiciendis atque possimus repellendus.', 5, '2018-11-20 15:00:45', '2018-11-20 15:00:45'),
(117, 15, 'Florian Reynolds', 'Tenetur perferendis tempora repudiandae est et. Voluptatem architecto eum fuga repudiandae ad iusto et. Voluptatem quis sapiente repellendus consequatur ut libero.', 3, '2018-11-20 15:00:45', '2018-11-20 15:00:45'),
(118, 17, 'Buddy Ortiz', 'Molestias architecto est qui corrupti magnam rerum. Nostrum odit ut earum deserunt occaecati. Nemo eligendi tenetur tenetur perspiciatis.', 0, '2018-11-20 15:00:45', '2018-11-20 15:00:45'),
(119, 3, 'Shania Beahan', 'Mollitia doloremque similique possimus magnam. Tempore qui hic nobis ullam esse eaque vero aut. Voluptatem ipsum facere quasi id omnis maiores. Consequatur doloremque laborum nemo nostrum sit vitae omnis.', 3, '2018-11-20 15:00:45', '2018-11-20 15:00:45'),
(120, 37, 'Hope Spinka', 'Cum qui alias sed accusantium labore. Id tempore fugiat distinctio perspiciatis officia similique autem. Provident non necessitatibus ipsa rerum illum. Quo consequuntur harum reprehenderit id nesciunt nemo occaecati cumque. Dolores commodi quo qui quam quis officia sint.', 2, '2018-11-20 15:00:45', '2018-11-20 15:00:45'),
(121, 47, 'Ms. Elenora Pacocha II', 'Quo praesentium ab optio laborum omnis sit optio perspiciatis. Maiores optio in doloremque labore delectus eos culpa. Aut soluta dolores nobis molestiae et est vitae sint.', 0, '2018-11-20 15:00:45', '2018-11-20 15:00:45'),
(122, 24, 'Miss Kathryn Ullrich MD', 'Ipsum rerum recusandae at dolorum eveniet distinctio. Cumque harum voluptas possimus possimus ullam iusto magnam a. Sunt quos ea aliquid dolores maiores. Ipsum aliquid blanditiis nemo a.', 0, '2018-11-20 15:00:45', '2018-11-20 15:00:45'),
(123, 35, 'Dr. Hadley Konopelski DVM', 'Ab ut autem enim sint expedita quaerat nihil. Tempore est non qui et et. Tempore voluptas doloremque facilis minus doloribus perspiciatis. Deserunt sed qui nesciunt placeat nihil impedit magni quaerat.', 4, '2018-11-20 15:00:45', '2018-11-20 15:00:45'),
(124, 4, 'Rory Crist', 'Fugiat esse quae et error et voluptates sed. Ut est ut nesciunt tempore sint praesentium et. Nam cumque iure architecto nulla quia quam.', 3, '2018-11-20 15:00:45', '2018-11-20 15:00:45'),
(125, 2, 'Keyshawn Rowe IV', 'Vitae qui et dolores maiores veniam tempora. Ad non debitis quia rerum minus distinctio ipsa. Aut ut voluptatem veniam nemo labore consequuntur et. In iusto quisquam atque.', 5, '2018-11-20 15:00:45', '2018-11-20 15:00:45'),
(126, 33, 'Brianne Feest', 'Commodi voluptatem iusto non vel nisi eos autem voluptatem. Qui et et occaecati amet dolorem et. Alias optio beatae commodi quis.', 0, '2018-11-20 15:00:45', '2018-11-20 15:00:45'),
(127, 50, 'Prof. Zachariah Bauch III', 'Iste debitis quia et quod neque architecto et maiores. Delectus ad temporibus velit quis. Iure fugiat quasi repudiandae animi quo tempora eum.', 2, '2018-11-20 15:00:45', '2018-11-20 15:00:45'),
(128, 28, 'Muriel Larkin Jr.', 'Minus quae pariatur cum corrupti optio sit deleniti. Id totam impedit dolores voluptas. Vero beatae placeat facere.', 4, '2018-11-20 15:00:45', '2018-11-20 15:00:45'),
(129, 49, 'Bernita Lindgren', 'Quasi et similique dolorem qui. Consequatur ea eos et reprehenderit molestiae aliquam cupiditate deleniti. Aut mollitia voluptate ipsam facilis quia. Quia soluta suscipit quibusdam magnam qui at aut aperiam.', 1, '2018-11-20 15:00:45', '2018-11-20 15:00:45'),
(130, 18, 'Candice Denesik', 'Nihil consequatur aut magni provident et amet. Mollitia suscipit earum delectus harum unde ducimus. Placeat dolorem quis enim.', 3, '2018-11-20 15:00:45', '2018-11-20 15:00:45'),
(131, 22, 'Prof. Dolly King', 'Sunt dolorum distinctio provident veritatis deleniti. Aperiam vel est facilis deserunt perspiciatis.', 5, '2018-11-20 15:00:45', '2018-11-20 15:00:45'),
(132, 47, 'Warren Kuphal', 'Quidem ipsam quia omnis eos possimus. Voluptatum repellendus repellendus reprehenderit quo vel. Sint enim doloribus voluptatem cum quis.', 0, '2018-11-20 15:00:45', '2018-11-20 15:00:45'),
(133, 35, 'Miss Chanelle Hessel II', 'Tempore ut dignissimos sed accusantium molestiae. Accusantium repellendus maxime ipsum doloremque et doloremque. Quia ut blanditiis quis. Cum soluta non libero molestias. Facilis blanditiis qui rerum corrupti tempora deserunt non.', 3, '2018-11-20 15:00:45', '2018-11-20 15:00:45'),
(134, 28, 'Vinnie Hudson', 'Earum voluptates fugit id aut aliquam voluptatibus dolore. Veniam hic omnis similique perspiciatis quis odit voluptas. Dolor labore et labore qui.', 4, '2018-11-20 15:00:45', '2018-11-20 15:00:45'),
(135, 27, 'Dr. Alfredo Bartoletti PhD', 'Voluptatibus aperiam blanditiis corrupti illo illum qui. Quis velit earum perspiciatis dolor est et mollitia. Soluta reiciendis nobis voluptatem mollitia accusamus. Esse ex sed nulla doloribus.', 2, '2018-11-20 15:00:45', '2018-11-20 15:00:45'),
(136, 11, 'Dr. Aiyana Swaniawski', 'Unde ea dolor dolores aut et. Rem nemo cumque voluptatum qui fugit id explicabo. Et id numquam dicta consequatur ea asperiores odio. Quia occaecati laboriosam magnam magnam delectus quo.', 2, '2018-11-20 15:00:45', '2018-11-20 15:00:45'),
(137, 27, 'Mr. Rocio Schroeder V', 'Aspernatur distinctio assumenda quibusdam delectus. Qui sint voluptas qui rem reprehenderit harum et ut. Esse quae error fuga nemo et repellendus.', 5, '2018-11-20 15:00:45', '2018-11-20 15:00:45'),
(138, 36, 'Angie Hauck', 'Non ut iste aliquid dignissimos quia ullam. Beatae alias omnis quibusdam eius impedit eligendi. Et qui illo et quos dolores. Corrupti velit natus qui molestiae.', 4, '2018-11-20 15:00:45', '2018-11-20 15:00:45'),
(139, 39, 'Prof. Rigoberto Bergnaum PhD', 'Voluptas recusandae autem sit eum sit fugiat fugiat. Rerum et optio veniam quibusdam. Hic et velit non fugit voluptatem. Id vero et repellendus doloremque dolor ut.', 1, '2018-11-20 15:00:45', '2018-11-20 15:00:45'),
(140, 29, 'Yoshiko Goyette', 'Accusamus cumque incidunt dicta totam deleniti sint. Aut ut laborum iste consequatur. Sed et inventore a quod consequatur dolore non.', 5, '2018-11-20 15:00:45', '2018-11-20 15:00:45'),
(141, 48, 'Dr. Ludwig Leffler III', 'Et ut harum optio ipsa alias. Assumenda iure tempore libero illum ipsum quidem aut. Aliquam inventore ut quasi voluptatem.', 5, '2018-11-20 15:00:45', '2018-11-20 15:00:45'),
(142, 34, 'Zack Pfeffer III', 'Ab quia ut fuga dolorem. Excepturi sed in debitis sunt rerum. Aut ut aut magni sapiente officia eum commodi.', 4, '2018-11-20 15:00:45', '2018-11-20 15:00:45'),
(143, 39, 'Colby Reichert', 'Nam sed temporibus doloribus modi ullam quo modi. Est quae aut adipisci id quo iste. Et aperiam nihil natus in doloribus. Et rerum est voluptates qui similique quos tempore consequatur.', 3, '2018-11-20 15:00:45', '2018-11-20 15:00:45'),
(144, 24, 'Skye Weimann MD', 'Iste sequi unde blanditiis. Quaerat quod magni consectetur. Omnis quam aut neque facere. Delectus odio quia ea earum. Asperiores possimus impedit quisquam.', 0, '2018-11-20 15:00:45', '2018-11-20 15:00:45'),
(145, 29, 'Dr. Easton Casper MD', 'Excepturi quas expedita et voluptatem non commodi. Voluptatem illum eius aut tenetur deserunt.', 0, '2018-11-20 15:00:45', '2018-11-20 15:00:45'),
(146, 38, 'Gene Heller', 'Itaque sunt aperiam adipisci. Libero nesciunt consequuntur explicabo voluptas aut. Doloremque dolores nemo veniam provident. Tenetur est aut sint alias.', 4, '2018-11-20 15:00:45', '2018-11-20 15:00:45'),
(147, 46, 'Ima Weissnat', 'Et consectetur quae cumque sapiente. Vero ut adipisci eius ut nulla optio. Omnis fugiat consequatur minima veritatis sed rerum. Quam qui non quisquam eum voluptatibus quis atque.', 0, '2018-11-20 15:00:45', '2018-11-20 15:00:45'),
(148, 4, 'Lucius Huels', 'Quibusdam ut dolorem porro molestias saepe. Vitae excepturi corporis expedita distinctio debitis. Consectetur voluptatem quibusdam nulla sit commodi ab nemo.', 0, '2018-11-20 15:00:45', '2018-11-20 15:00:45'),
(149, 46, 'Jennyfer Dibbert', 'Dolores ut at nemo molestias quisquam. Impedit omnis ad ipsa explicabo possimus illum reprehenderit. Expedita ex nostrum ea qui laudantium. Sit repudiandae dignissimos et.', 2, '2018-11-20 15:00:45', '2018-11-20 15:00:45'),
(150, 6, 'Mercedes Goldner', 'Iste eos voluptatem dignissimos culpa rerum corrupti delectus. Rerum iusto voluptatem velit laboriosam nobis accusamus. Repellat facere illum et ex inventore impedit explicabo. Rerum magni culpa aut. Ut a non tempore et.', 2, '2018-11-20 15:00:45', '2018-11-20 15:00:45'),
(151, 43, 'Madge Gutkowski', 'Aut assumenda dolorem distinctio a repellendus non sint. Architecto voluptas optio et ut possimus est debitis quidem. Quidem consequatur aut modi impedit qui. Enim impedit excepturi aut natus.', 1, '2018-11-20 15:00:45', '2018-11-20 15:00:45'),
(152, 21, 'Dr. Lavon Tremblay', 'Officia aliquid aliquid voluptates porro eligendi autem. Voluptatem a sed iusto officiis aut quod dignissimos. Molestias voluptas aut porro ratione. Iste autem numquam non iste consequatur dolorem.', 1, '2018-11-20 15:00:45', '2018-11-20 15:00:45'),
(153, 10, 'Jordane Funk', 'Quia officia temporibus aut et. Rerum sit quia nisi enim ut. Iure in totam aut dolor esse est et. Et quia consequuntur molestias aliquid qui consectetur.', 5, '2018-11-20 15:00:45', '2018-11-20 15:00:45'),
(154, 10, 'Lawrence Marks', 'Aut dolores ea quia velit esse sunt consequuntur consequatur. Excepturi recusandae non sint architecto nemo. Corporis dolorem porro et molestiae ipsa est harum est. Deleniti ipsum rerum qui amet delectus rerum repudiandae.', 4, '2018-11-20 15:00:45', '2018-11-20 15:00:45'),
(155, 37, 'Jamaal Watsica', 'Voluptatum aspernatur est deleniti unde voluptatum sit explicabo. Quos sequi et alias dignissimos at consequatur sit. Autem rem officiis magnam molestias nihil.', 1, '2018-11-20 15:00:45', '2018-11-20 15:00:45'),
(156, 27, 'Tito Lang', 'Non aliquam perferendis consequatur illum sapiente. Natus nisi voluptate aut nihil. Impedit tempora reiciendis deserunt eum doloribus ab minus. Sunt mollitia aut earum quis et.', 5, '2018-11-20 15:00:45', '2018-11-20 15:00:45'),
(157, 20, 'London Raynor V', 'Velit dicta velit modi vitae nihil tenetur. Sunt ipsum saepe nesciunt cumque consequatur. Quibusdam consequatur enim et molestias officiis consectetur facilis.', 4, '2018-11-20 15:00:45', '2018-11-20 15:00:45'),
(158, 3, 'Jaida Koch', 'Architecto et dolores sunt id. Quis voluptas sunt nostrum id. Aperiam aut reiciendis qui ducimus dolorem unde.', 3, '2018-11-20 15:00:45', '2018-11-20 15:00:45'),
(159, 50, 'Arlo Conroy', 'Nobis enim quis quia ut ipsam est. Explicabo sed est voluptatem quidem enim. Error dolorem et repellat rerum beatae. Ipsam perspiciatis cupiditate sit consequatur laboriosam accusamus.', 4, '2018-11-20 15:00:45', '2018-11-20 15:00:45'),
(160, 20, 'Mr. Deontae Hirthe DVM', 'Qui asperiores commodi expedita delectus. Dignissimos esse ipsa et. Sed provident aliquam ullam.', 2, '2018-11-20 15:00:45', '2018-11-20 15:00:45'),
(161, 9, 'Gerald Dickens', 'In non quis delectus. Non asperiores ut quia qui. Est repellendus dolore corporis. Vel excepturi labore suscipit accusamus.', 0, '2018-11-20 15:00:45', '2018-11-20 15:00:45'),
(162, 38, 'Dr. Kayley Mohr', 'Ex fugiat non porro amet ut. Consequatur beatae harum eum autem libero sapiente. Necessitatibus voluptas ut ad nihil necessitatibus consequatur error qui. Iusto blanditiis culpa sed.', 4, '2018-11-20 15:00:45', '2018-11-20 15:00:45'),
(163, 19, 'Adeline Marks', 'Ut quia ipsam qui qui. Ab ratione aspernatur aut corrupti dolor et. Enim ea repellendus fugit. Et et corrupti et enim incidunt et distinctio.', 0, '2018-11-20 15:00:45', '2018-11-20 15:00:45'),
(164, 17, 'Doris Watsica', 'Eum nam quam ut dignissimos corrupti velit. Sunt porro voluptas consequatur et voluptas. Cum vel ut laudantium necessitatibus eaque. Ipsum deserunt numquam perferendis doloremque ut quo molestias.', 5, '2018-11-20 15:00:45', '2018-11-20 15:00:45'),
(165, 33, 'Javon Hayes IV', 'Voluptas nam quam labore natus et. Alias consequatur nulla excepturi hic. Molestiae quia accusamus iusto voluptatem officiis. Architecto illo ea consectetur quidem.', 0, '2018-11-20 15:00:45', '2018-11-20 15:00:45'),
(166, 4, 'Prof. Rudolph Beahan Sr.', 'Modi exercitationem voluptas ullam nostrum. Quia libero officiis temporibus repellat aut. Dolorum deserunt sapiente in laborum error.', 4, '2018-11-20 15:00:45', '2018-11-20 15:00:45'),
(167, 24, 'Oswald Rowe', 'Iure eos officiis sed aut voluptates magni. Modi quo voluptas rem praesentium. Nulla voluptate natus est.', 1, '2018-11-20 15:00:45', '2018-11-20 15:00:45'),
(168, 28, 'Mr. Kacey Veum I', 'Officia illum reprehenderit minus beatae. Cum sapiente enim magnam eum. Totam amet architecto et aliquam incidunt.', 5, '2018-11-20 15:00:45', '2018-11-20 15:00:45'),
(169, 1, 'Maximus Nienow', 'Praesentium pariatur natus est culpa. Dolor velit impedit dignissimos aut minima delectus expedita iure. Omnis enim ea neque ad officiis aperiam. Earum id non maxime ullam est.', 3, '2018-11-20 15:00:45', '2018-11-20 15:00:45'),
(170, 28, 'Moises Cormier', 'Dignissimos et iste rerum impedit. Aut molestiae non temporibus numquam. Praesentium reiciendis maxime perferendis nulla veritatis.', 1, '2018-11-20 15:00:45', '2018-11-20 15:00:45'),
(171, 26, 'Milan Blanda Sr.', 'Dolor ut quibusdam aut qui facilis. Quia id voluptatem hic. Voluptatum illum qui et veritatis. Saepe et iure corporis similique aspernatur est.', 0, '2018-11-20 15:00:45', '2018-11-20 15:00:45'),
(172, 17, 'Dr. Chaim Koch DVM', 'A minima repellendus qui voluptate nisi commodi maxime dolor. Saepe quia impedit magni ipsa sit consequatur at. Dolores dignissimos magni in dolores maiores dolore nihil voluptatem. Error corporis dolor velit est et cum autem.', 4, '2018-11-20 15:00:45', '2018-11-20 15:00:45'),
(173, 46, 'Elise Feest Jr.', 'Saepe asperiores tempore error fuga ipsum. Libero totam modi inventore ut. Et qui eius sit quisquam quae laudantium occaecati.', 5, '2018-11-20 15:00:45', '2018-11-20 15:00:45'),
(174, 1, 'Carter Hagenes IV', 'Quia non quia atque aliquam et est ut iste. Eos qui dolor sit rerum. Nam occaecati adipisci iure sed eos quo pariatur et.', 1, '2018-11-20 15:00:45', '2018-11-20 15:00:45'),
(175, 31, 'Wilmer Kuhn', 'Est illum placeat dolore hic odio blanditiis. Dicta ut dolores non. Voluptas molestiae ut deserunt quos optio. Odio consequuntur neque et blanditiis.', 2, '2018-11-20 15:00:45', '2018-11-20 15:00:45'),
(176, 11, 'Victor Halvorson', 'Id dolor doloremque tenetur perferendis. Et libero sapiente numquam illum perspiciatis. Tempore qui est ut quis cum consequatur id. Ad ratione fugiat quod similique et.', 0, '2018-11-20 15:00:45', '2018-11-20 15:00:45'),
(177, 12, 'Hubert Sauer', 'Et pariatur culpa aut quis veniam amet. Fuga rerum aliquam explicabo occaecati. In ut fugiat eum delectus voluptas saepe voluptatum. Dolor corrupti nemo beatae voluptas recusandae et. A aperiam aperiam deserunt suscipit cupiditate.', 3, '2018-11-20 15:00:45', '2018-11-20 15:00:45'),
(178, 26, 'Fleta Bernhard MD', 'Nihil id perspiciatis qui iste eveniet eos quo. Esse architecto cumque exercitationem soluta. Ipsa sapiente eveniet delectus iste dolor praesentium.', 4, '2018-11-20 15:00:45', '2018-11-20 15:00:45'),
(179, 5, 'Kiana Brakus', 'Omnis nam sint recusandae. Dolore qui repudiandae quod sint. Ut illum commodi voluptatibus dolorem qui et. Illum libero aut omnis.', 1, '2018-11-20 15:00:45', '2018-11-20 15:00:45'),
(180, 24, 'Mack Crist V', 'Laudantium accusantium dolorum quo modi iusto sapiente accusantium. Nobis quas non assumenda. Nesciunt corrupti in et enim. Nihil ut sit aut ipsa atque.', 0, '2018-11-20 15:00:45', '2018-11-20 15:00:45'),
(181, 4, 'Dr. Gerson Roob I', 'Sunt omnis est eum sit maiores dolorem expedita. Tempora beatae ipsum error cupiditate perspiciatis consequatur sit. Quam magnam iure natus voluptas quo est tempore. Eveniet dicta quia qui illo.', 1, '2018-11-20 15:00:45', '2018-11-20 15:00:45'),
(182, 13, 'Mr. Jan Bartell III', 'Quod nesciunt quaerat doloribus sed exercitationem distinctio ut. Eligendi quia vel aperiam. Explicabo omnis ipsum blanditiis laudantium quasi odit. Similique ipsum veniam corrupti. Repudiandae consequatur consequatur voluptates molestiae eum harum ut quaerat.', 4, '2018-11-20 15:00:45', '2018-11-20 15:00:45'),
(183, 34, 'Freeda Ritchie', 'Sapiente aut exercitationem commodi accusamus. In alias perspiciatis ut in. Corrupti veritatis nulla voluptas ratione.', 1, '2018-11-20 15:00:45', '2018-11-20 15:00:45'),
(184, 19, 'Sincere Smith', 'Assumenda porro voluptatem iure facere quis optio. Cum maxime ut in suscipit sint rerum. Saepe rerum repellat placeat et voluptates in. Adipisci magnam aut velit alias harum saepe nostrum fugiat. Atque nobis ratione totam.', 2, '2018-11-20 15:00:45', '2018-11-20 15:00:45'),
(185, 10, 'Prof. Edmond Wunsch DDS', 'Nisi est iure aut et iusto accusantium aspernatur. Sint laboriosam ipsum vel voluptas temporibus quasi enim. Qui mollitia veniam quos nesciunt.', 0, '2018-11-20 15:00:45', '2018-11-20 15:00:45'),
(186, 39, 'Coty DuBuque PhD', 'Explicabo nisi assumenda quia. Nostrum numquam quis et. Est quia aliquam quo et alias quos consequuntur repellat. Dolore at quia hic consequatur exercitationem.', 2, '2018-11-20 15:00:45', '2018-11-20 15:00:45'),
(187, 16, 'Philip Cole', 'Eaque cupiditate consequuntur quo placeat delectus excepturi voluptas eveniet. Quia porro qui eveniet quasi. Et labore earum eaque corporis recusandae incidunt aspernatur sed.', 2, '2018-11-20 15:00:45', '2018-11-20 15:00:45'),
(188, 1, 'Eladio Ortiz', 'Dolores eos deserunt assumenda. Nemo voluptas omnis accusantium.', 5, '2018-11-20 15:00:45', '2018-11-20 15:00:45'),
(189, 47, 'Dr. Ryann Kuhlman', 'Molestias et ut alias. Non esse eligendi doloremque laudantium architecto autem. Soluta autem qui quis omnis asperiores facilis.', 4, '2018-11-20 15:00:45', '2018-11-20 15:00:45'),
(190, 20, 'Rowland Willms', 'Facere excepturi repellendus dolor quam. Ut nisi rerum dignissimos ut vel qui quis minima. Omnis cumque non culpa cupiditate nisi et omnis. Molestias quas commodi sint rerum.', 2, '2018-11-20 15:00:45', '2018-11-20 15:00:45'),
(191, 13, 'Brannon Romaguera', 'Sequi aspernatur doloribus voluptas aliquam non et modi. Quasi quis dolores voluptas voluptate. Ratione nisi aut enim numquam. Eaque cupiditate consectetur sequi sequi excepturi explicabo.', 5, '2018-11-20 15:00:45', '2018-11-20 15:00:45'),
(192, 11, 'Mayra Schimmel Sr.', 'Aut nihil voluptas eligendi. Natus voluptatem quis eius consequatur dolor praesentium. Laudantium provident voluptatem esse hic qui facere aspernatur. Totam est ut ab eligendi tempore id id.', 4, '2018-11-20 15:00:45', '2018-11-20 15:00:45'),
(193, 46, 'Jefferey Kihn', 'Laudantium sit et numquam rerum excepturi eum iusto. Quaerat et qui molestiae saepe odit voluptatem esse provident. Consequuntur aut veniam fuga sequi. Ipsam quia provident aut consequatur at voluptatem.', 4, '2018-11-20 15:00:45', '2018-11-20 15:00:45'),
(194, 31, 'Jeff Schinner', 'Esse iusto eveniet eveniet id quaerat. Exercitationem facere nisi nulla dignissimos voluptatibus cum. Aliquid magnam minus veniam optio odio cumque aut.', 5, '2018-11-20 15:00:45', '2018-11-20 15:00:45'),
(195, 20, 'Clare West', 'Commodi aliquid corporis praesentium necessitatibus. Quod fugit quis voluptate eligendi velit iste. Aut qui voluptates illo est nihil qui et repellendus.', 0, '2018-11-20 15:00:45', '2018-11-20 15:00:45'),
(196, 4, 'Miss Brisa Langosh PhD', 'Vel vero error quia dolor qui. Ratione minima deleniti provident et. Impedit voluptatem labore ut quia voluptatem. Et minus tenetur aut. Eum libero maxime ut maxime earum ab.', 5, '2018-11-20 15:00:45', '2018-11-20 15:00:45'),
(197, 6, 'Kory Cassin V', 'Soluta dolores ipsum officia unde deserunt soluta. Aliquam adipisci et maiores cumque eum.', 3, '2018-11-20 15:00:45', '2018-11-20 15:00:45'),
(198, 30, 'Alisha Daniel', 'Dignissimos dolorem architecto adipisci autem in dolore. Quia laboriosam quidem animi deleniti. Ab ab fuga suscipit mollitia tempora. Facere dolorum qui voluptatem sit quasi qui occaecati.', 1, '2018-11-20 15:00:45', '2018-11-20 15:00:45'),
(199, 17, 'Aracely Breitenberg PhD', 'Vero esse aut exercitationem similique voluptatibus. Et ex veritatis porro qui eius voluptas sit. Nesciunt rem consequuntur omnis necessitatibus sint quis. Pariatur velit qui eaque et soluta autem est optio.', 0, '2018-11-20 15:00:45', '2018-11-20 15:00:45'),
(200, 41, 'Lessie Steuber', 'Voluptatem dolorem ut eos quaerat. Eos ipsum velit asperiores. Ea facilis sint est excepturi.', 3, '2018-11-20 15:00:45', '2018-11-20 15:00:45'),
(201, 33, 'Tierra Leffler', 'Qui illo quas voluptatem eos dolorem mollitia odio rerum. Vero unde enim a. Vero eum aut numquam temporibus minima. Eum sit ducimus vero facere cumque est quae.', 4, '2018-11-20 15:00:45', '2018-11-20 15:00:45'),
(202, 9, 'Ms. Chyna Littel', 'Ratione id ut ex nisi unde. Est qui vel officiis nam ut repellendus id voluptatem. Veniam libero autem iusto ad. Odit voluptates aut aliquam.', 5, '2018-11-20 15:00:45', '2018-11-20 15:00:45'),
(203, 22, 'Kay Ward', 'Quos optio minima in odit. Ipsam et libero nihil doloribus corporis asperiores. Praesentium laborum et eos eos commodi aliquid.', 2, '2018-11-20 15:00:45', '2018-11-20 15:00:45'),
(204, 18, 'Madalyn Torphy', 'Dolores beatae sed nobis sed. Aut et quia et maiores voluptas provident. Qui sint illo et sed. Omnis sequi in vel assumenda.', 0, '2018-11-20 15:00:45', '2018-11-20 15:00:45'),
(205, 18, 'Raphael Block', 'Excepturi dolore natus ex cupiditate sunt et. Soluta cum cum beatae iusto. Rerum consequuntur sunt voluptatem.', 1, '2018-11-20 15:00:45', '2018-11-20 15:00:45'),
(206, 13, 'Daphnee DuBuque', 'Dolorum provident illo voluptas facilis et quia deserunt. Eligendi repellendus maiores impedit consequatur.', 2, '2018-11-20 15:00:45', '2018-11-20 15:00:45'),
(207, 7, 'Evert Reilly', 'Qui modi alias architecto dolor ut cumque. Doloribus quaerat et magnam. Recusandae delectus et autem ipsam.', 4, '2018-11-20 15:00:45', '2018-11-20 15:00:45'),
(208, 42, 'Melba Steuber PhD', 'Quisquam earum ducimus similique velit iste. Consequuntur porro voluptatibus ea officiis sint quidem dolorem. Error quia natus animi.', 4, '2018-11-20 15:00:45', '2018-11-20 15:00:45'),
(209, 27, 'Prof. Lacey Jacobson II', 'Molestias quidem quia iusto dolor sapiente perspiciatis sunt voluptas. Tempora provident culpa dolores nihil necessitatibus. Ut repellat et dignissimos dicta expedita libero unde.', 2, '2018-11-20 15:00:45', '2018-11-20 15:00:45'),
(210, 2, 'Deion Armstrong', 'Cupiditate tempore similique voluptatum nostrum. Recusandae eius facere iure nisi. Dolorem vel voluptatibus sunt possimus sed exercitationem unde quo. Ullam et molestiae et ut.', 4, '2018-11-20 15:00:45', '2018-11-20 15:00:45');
INSERT INTO `reviews` (`id`, `product_id`, `customer`, `review`, `star`, `created_at`, `updated_at`) VALUES
(211, 36, 'Emily Lindgren', 'Omnis ea magni repellendus praesentium. Saepe dolorem necessitatibus incidunt et iste quaerat mollitia. Omnis quisquam omnis omnis repellendus soluta. Tempore et in dolorem quia. Vitae et exercitationem cupiditate dicta voluptate est.', 1, '2018-11-20 15:00:45', '2018-11-20 15:00:45'),
(212, 4, 'April Paucek', 'Quaerat in animi quod nemo nihil voluptas. Qui eum nostrum exercitationem et veritatis sint nostrum. Ad quaerat libero dicta quod non totam.', 0, '2018-11-20 15:00:45', '2018-11-20 15:00:45'),
(213, 45, 'Brenda Parker', 'Quia est rerum in officia. Voluptas sint magnam provident consequatur. Saepe quibusdam repudiandae est saepe numquam.', 5, '2018-11-20 15:00:45', '2018-11-20 15:00:45'),
(214, 30, 'Andreanne Ziemann', 'Vel aut aliquam non ratione rerum. Est non quam ipsa quod recusandae eveniet et dolorum. Et dolore qui similique commodi enim.', 0, '2018-11-20 15:00:45', '2018-11-20 15:00:45'),
(215, 19, 'Kelly Crist', 'Et vel nesciunt nihil quae iusto. Non vel et quidem qui ipsa ut dolor. Perspiciatis quisquam recusandae animi aut eum temporibus dolore occaecati. Et ullam harum nobis sint aut minus. Animi vel necessitatibus veritatis earum sint.', 5, '2018-11-20 15:00:45', '2018-11-20 15:00:45'),
(216, 14, 'Dr. Al Kuvalis MD', 'Doloribus ea rem dolor rerum. Ut architecto est repellendus eum sit incidunt. Omnis accusamus molestiae deleniti velit rerum perspiciatis nostrum. Repellendus quis doloribus quia dolores voluptatem.', 2, '2018-11-20 15:00:45', '2018-11-20 15:00:45'),
(217, 20, 'Alexandre Monahan', 'Quis atque dolore mollitia dicta debitis molestiae consectetur. Dolores ipsum vel doloremque tempora ratione velit dolorum et. Nemo velit amet tempora illo vitae quo vero.', 4, '2018-11-20 15:00:45', '2018-11-20 15:00:45'),
(218, 5, 'Lenore Connelly', 'Velit et architecto quo amet et sit. Atque alias in sint maiores possimus sint. Laudantium quod saepe molestiae.', 4, '2018-11-20 15:00:45', '2018-11-20 15:00:45'),
(219, 18, 'Prof. Luther Wunsch I', 'Voluptatem repudiandae et rerum sed accusamus rerum. Rerum consectetur ipsum molestiae. Illum sit tempora excepturi quisquam et.', 3, '2018-11-20 15:00:45', '2018-11-20 15:00:45'),
(220, 16, 'Orrin Kutch', 'Placeat corporis qui quos vitae. Non voluptates ad voluptate velit. Molestiae et dolor voluptatum ab. Totam occaecati eaque aut non aliquam inventore.', 1, '2018-11-20 15:00:45', '2018-11-20 15:00:45'),
(221, 27, 'Gust O\'Hara III', 'Rerum molestiae pariatur rerum sed. Qui ipsa quae autem vero et qui qui non. Quae sit rerum optio qui. Explicabo ullam vel praesentium.', 1, '2018-11-20 15:00:45', '2018-11-20 15:00:45'),
(222, 40, 'Prof. Oswaldo Cremin DDS', 'Nobis corrupti autem voluptatem repudiandae illum. Odit in quam sequi eum perferendis. Necessitatibus quis rerum qui eius.', 3, '2018-11-20 15:00:45', '2018-11-20 15:00:45'),
(223, 44, 'Adolphus Cruickshank', 'Ut accusamus sint suscipit dolorem. Ut eligendi aspernatur ut quaerat corporis harum ad dicta. Ipsa fugiat neque natus accusantium occaecati alias impedit.', 1, '2018-11-20 15:00:45', '2018-11-20 15:00:45'),
(224, 44, 'Eldred Fahey', 'Quo numquam vero nam autem harum. Dignissimos aliquid eos aut similique magni enim. Autem sunt iste quia maiores voluptas. Et aut harum ipsa porro ut ad neque.', 4, '2018-11-20 15:00:45', '2018-11-20 15:00:45'),
(225, 26, 'Talia Swift', 'Voluptatem quo voluptates sint pariatur maiores dolorem. Sed odio odio nisi aliquam sunt eum. Commodi et dolorum assumenda. Animi enim harum suscipit odit rerum quia quia.', 5, '2018-11-20 15:00:45', '2018-11-20 15:00:45'),
(226, 19, 'Miss Kiana Koch PhD', 'Consequatur amet distinctio dolores. Et odit odit asperiores inventore soluta iste voluptates.', 0, '2018-11-20 15:00:45', '2018-11-20 15:00:45'),
(227, 28, 'Madge Welch', 'Omnis suscipit perspiciatis aperiam ut harum ratione. Sint repudiandae a et. Ipsam et autem voluptatem nulla voluptas dicta.', 0, '2018-11-20 15:00:45', '2018-11-20 15:00:45'),
(228, 34, 'Clemens Russel DVM', 'Nam animi dolorem aut eum qui. Perspiciatis qui accusantium ea vel. Commodi neque accusamus in nesciunt. Et doloribus minima consequatur hic nobis.', 4, '2018-11-20 15:00:45', '2018-11-20 15:00:45'),
(229, 27, 'Pearlie Nikolaus', 'Sint optio consequatur voluptas voluptatem facilis voluptas. Corporis et iure aliquid voluptate. Optio explicabo nemo tempora quas accusantium quo. Ipsum debitis omnis ullam dolore doloremque rem.', 4, '2018-11-20 15:00:45', '2018-11-20 15:00:45'),
(230, 7, 'Prof. Courtney Reilly', 'Et quam alias vero et quam qui aliquam. Illo quisquam eos non velit eos veritatis quibusdam. Veritatis sit minima totam mollitia non eligendi autem laboriosam. Dolores est doloremque natus incidunt ex.', 2, '2018-11-20 15:00:45', '2018-11-20 15:00:45'),
(231, 19, 'Payton Parisian Jr.', 'Aperiam excepturi cupiditate voluptate tenetur ea possimus. Inventore quod et dolores voluptatem.', 1, '2018-11-20 15:00:45', '2018-11-20 15:00:45'),
(232, 27, 'Waino Purdy', 'Voluptatibus veritatis aut sint mollitia doloribus. Sequi quibusdam aut minima aliquam et. Reiciendis voluptatibus culpa aut ipsum ea.', 4, '2018-11-20 15:00:45', '2018-11-20 15:00:45'),
(233, 3, 'Dr. Pablo Labadie MD', 'Et qui dicta qui id dolorem. Quod nihil rerum blanditiis fugiat. Sunt adipisci numquam error recusandae autem deserunt aspernatur nulla. Ipsum sunt harum magni voluptas cum.', 1, '2018-11-20 15:00:45', '2018-11-20 15:00:45'),
(234, 42, 'Marley DuBuque', 'Repellendus id odit aut labore quaerat veniam inventore debitis. Qui consequatur doloremque non nisi repellendus animi. Ex qui laborum vitae aut possimus at corrupti impedit.', 1, '2018-11-20 15:00:45', '2018-11-20 15:00:45'),
(235, 19, 'Miss Clemmie Konopelski V', 'Nostrum vitae voluptatem soluta ipsum necessitatibus voluptas facilis. Odit qui est sed cumque rerum voluptatibus quas. Explicabo animi rerum qui rerum. Atque quia neque nulla officiis quis rerum. Labore nihil et velit et unde eum.', 2, '2018-11-20 15:00:45', '2018-11-20 15:00:45'),
(236, 32, 'Assunta Nienow', 'Similique debitis eaque alias quos. Voluptatem placeat doloremque incidunt delectus modi. Placeat similique culpa molestiae voluptate ea doloribus ea. Quod a deserunt eum saepe impedit quod incidunt.', 2, '2018-11-20 15:00:45', '2018-11-20 15:00:45'),
(237, 31, 'Kelly Bauch PhD', 'Sed distinctio debitis commodi consequatur architecto. Quia minima quas numquam voluptas. Ut suscipit rem culpa repellat pariatur temporibus optio.', 2, '2018-11-20 15:00:45', '2018-11-20 15:00:45'),
(238, 50, 'Verona Conn', 'Inventore enim vel illum et repellat itaque. Velit suscipit quod minus ut quasi sint.', 1, '2018-11-20 15:00:45', '2018-11-20 15:00:45'),
(239, 34, 'Talia Feest V', 'Cupiditate dolore maxime voluptatem quisquam ipsum officiis. Incidunt est dolorem maiores nobis eos qui voluptatem. Incidunt assumenda deserunt unde et temporibus. Voluptas sit earum non error.', 0, '2018-11-20 15:00:45', '2018-11-20 15:00:45'),
(240, 11, 'Orion Donnelly', 'Tempore unde nihil in. Consequatur minus voluptatem non iusto non. Neque eligendi minima quia ullam quo unde nam. Debitis ut vel aut id ut.', 1, '2018-11-20 15:00:45', '2018-11-20 15:00:45'),
(241, 46, 'Carolina Russel', 'Necessitatibus harum velit corrupti sit error assumenda voluptates. Et quisquam voluptate eos. Optio animi necessitatibus et repellat veritatis.', 5, '2018-11-20 15:00:45', '2018-11-20 15:00:45'),
(242, 20, 'Daryl Harber', 'Vel culpa repudiandae omnis provident modi tenetur. Dolorem qui ut et eum perferendis voluptas unde. Dolores esse sunt cupiditate porro animi iure veritatis. Aliquam et veniam laboriosam.', 0, '2018-11-20 15:00:45', '2018-11-20 15:00:45'),
(243, 45, 'Odie Hackett', 'Sunt dolore qui quia architecto ipsum. Perspiciatis voluptatum corrupti sit. Minus voluptatem molestias ex sint iusto.', 5, '2018-11-20 15:00:45', '2018-11-20 15:00:45'),
(244, 5, 'Dorothy Daniel', 'Cum nulla similique consequatur at et quod. Voluptas autem iure nihil adipisci id alias in et. Nulla et alias numquam repellendus. Beatae doloribus sed id est cum aut.', 2, '2018-11-20 15:00:45', '2018-11-20 15:00:45'),
(245, 27, 'Dr. Kasey Wunsch', 'Molestiae natus et veritatis fugiat quo. Officiis eligendi iusto debitis incidunt. Et rerum ad harum omnis aut voluptatem quo.', 2, '2018-11-20 15:00:45', '2018-11-20 15:00:45'),
(246, 11, 'Kaitlin Gulgowski', 'Non est atque aliquam explicabo et dolorum. Quia vero veniam facilis magnam et. Id accusamus nam ut ipsam cum.', 1, '2018-11-20 15:00:45', '2018-11-20 15:00:45'),
(247, 34, 'Neva Hyatt', 'Quaerat iure et asperiores totam. Ipsa voluptatem magni similique. Consequuntur officia animi voluptatem atque sed vero. Odit voluptatem est sit repellendus aut.', 4, '2018-11-20 15:00:45', '2018-11-20 15:00:45'),
(248, 5, 'Kelvin Corwin', 'Maiores ullam ut nostrum at dolores eveniet. Soluta eos necessitatibus necessitatibus amet et optio ad. Quod et atque magnam reprehenderit fugiat voluptatum consequatur. Sapiente ipsam voluptatibus quia assumenda. Quaerat ea nemo voluptates rerum aperiam.', 0, '2018-11-20 15:00:45', '2018-11-20 15:00:45'),
(249, 13, 'Christina Lind', 'Eveniet ut quia vel quos. Consequatur molestiae iste et et alias quasi quo. Ut consequatur quia consequatur beatae aut et.', 5, '2018-11-20 15:00:45', '2018-11-20 15:00:45'),
(250, 7, 'Gregg Hahn', 'Est provident voluptatibus harum qui facilis itaque. Delectus provident ratione ipsam eum rerum illum. Nulla labore minima alias non sunt sunt.', 0, '2018-11-20 15:00:45', '2018-11-20 15:00:45'),
(251, 15, 'Mrs. Sasha Weimann', 'Quis delectus reprehenderit harum et. Eaque recusandae asperiores repellat similique non quia. Dolor est sit eum dignissimos sed quaerat.', 2, '2018-11-20 15:00:45', '2018-11-20 15:00:45'),
(252, 3, 'Mr. Mckenna Runte MD', 'Quibusdam voluptas incidunt commodi temporibus. Quas error nesciunt et natus sit corrupti et.', 4, '2018-11-20 15:00:45', '2018-11-20 15:00:45'),
(253, 39, 'Dr. Horace Funk MD', 'Veniam libero nihil est est nostrum. Quae fuga consectetur vel. Omnis quisquam eos molestias excepturi est non rerum est. Harum quis provident consectetur itaque.', 5, '2018-11-20 15:00:45', '2018-11-20 15:00:45'),
(254, 15, 'Tess Gutmann', 'Aut voluptas et rerum tenetur mollitia. Quam sed minima eum quia ex voluptas. Accusantium alias sunt alias vel.', 4, '2018-11-20 15:00:45', '2018-11-20 15:00:45'),
(255, 48, 'Kaitlin Stamm', 'Similique et voluptas ullam rerum. Eius harum consequatur molestias aperiam. Optio tempore quaerat veniam. Tempora amet at molestiae. Maiores consequatur quia et assumenda natus suscipit facilis.', 4, '2018-11-20 15:00:45', '2018-11-20 15:00:45'),
(256, 26, 'Dr. Rollin Hansen', 'Saepe tempore eius rem perferendis reprehenderit dolores sed. Impedit iure dolore ut consequatur voluptatem non earum. Quo facere ullam aut iste quod. Tempore autem voluptatem soluta non. Eligendi quidem voluptatum accusantium vitae.', 2, '2018-11-20 15:00:45', '2018-11-20 15:00:45'),
(257, 19, 'Verlie Spinka MD', 'Aperiam deleniti dicta modi sit deleniti sint. Officiis velit et est quia quam qui. Aut magni tenetur quam tempore.', 4, '2018-11-20 15:00:45', '2018-11-20 15:00:45'),
(258, 21, 'Carlotta Lehner', 'Voluptatibus ut deleniti illum ea. Delectus molestiae qui iure iste sit sit. Quo velit ipsam soluta sed placeat. Eum voluptatem consequatur molestiae omnis quisquam consequatur.', 2, '2018-11-20 15:00:45', '2018-11-20 15:00:45'),
(259, 17, 'Clarissa Mohr', 'Nisi quia sit voluptatem sed assumenda. Aut illum deleniti et. Voluptatum et sed itaque earum quaerat. Cumque eum sunt cum qui.', 4, '2018-11-20 15:00:45', '2018-11-20 15:00:45'),
(260, 12, 'Ms. Vicenta Schaefer', 'Pariatur expedita animi aut nesciunt excepturi accusamus odit. Eos voluptatum reiciendis et aliquid. Incidunt est ut quis aliquid. Dolor ipsam tempore eos unde corporis consequatur et.', 1, '2018-11-20 15:00:45', '2018-11-20 15:00:45'),
(261, 37, 'Mr. Cleveland McClure IV', 'Iure dolorum est architecto eos minus. Necessitatibus eveniet dolore in hic. Exercitationem consequatur quibusdam quo qui ut in aut.', 3, '2018-11-20 15:00:45', '2018-11-20 15:00:45'),
(262, 34, 'Lazaro Jacobi', 'Voluptatem consequatur similique dolor natus quos. Pariatur explicabo inventore tempore pariatur cupiditate. Assumenda sed fugit et et ea odio suscipit. Id aspernatur et suscipit molestiae.', 4, '2018-11-20 15:00:45', '2018-11-20 15:00:45'),
(263, 11, 'Tressa Huel', 'Iste omnis et aspernatur deleniti voluptate enim. Sit exercitationem incidunt nulla modi. Rerum architecto eum sit vero non odio.', 4, '2018-11-20 15:00:45', '2018-11-20 15:00:45'),
(264, 17, 'Prof. Keagan Powlowski', 'Cupiditate qui voluptas illum pariatur. Est eos qui cupiditate.', 1, '2018-11-20 15:00:45', '2018-11-20 15:00:45'),
(265, 8, 'Mr. Jared Roob III', 'Est qui reiciendis quibusdam et cupiditate perspiciatis accusamus. Voluptas consequatur pariatur molestias assumenda sit dolores. Quo eius autem id dolorum ipsum.', 4, '2018-11-20 15:00:45', '2018-11-20 15:00:45'),
(266, 5, 'Dr. Sammie Beatty', 'Itaque omnis tenetur est velit molestias dolores reiciendis sit. Enim tempora excepturi sequi. Earum officia culpa nihil vel laborum enim. Voluptas non quod et est nesciunt aut corrupti.', 5, '2018-11-20 15:00:45', '2018-11-20 15:00:45'),
(267, 7, 'Isac Jenkins', 'Assumenda omnis magnam ea maiores praesentium. Optio enim et facilis est debitis. Dolores omnis facilis eius voluptates.', 5, '2018-11-20 15:00:45', '2018-11-20 15:00:45'),
(268, 42, 'Prof. Stephany Kertzmann', 'Nihil laborum exercitationem et. Neque beatae aut ducimus et. Numquam modi neque natus quam dolorem laborum nisi ea.', 2, '2018-11-20 15:00:45', '2018-11-20 15:00:45'),
(269, 45, 'Erin Hahn', 'Id id sint et unde sed id nemo. Rerum sed doloremque dolores in et perferendis explicabo. Sit tempora non cum voluptatem est aspernatur.', 3, '2018-11-20 15:00:45', '2018-11-20 15:00:45'),
(270, 3, 'Carrie Hirthe', 'Consequatur est ea non enim est tenetur. Facilis quis quia modi optio. Cupiditate autem quasi deleniti.', 3, '2018-11-20 15:00:45', '2018-11-20 15:00:45'),
(271, 9, 'Mr. Moriah Keeling', 'Quidem delectus rerum quibusdam quas aut quia. At qui quas iste numquam placeat. Natus adipisci libero eum ut quia dicta libero.', 5, '2018-11-20 15:00:45', '2018-11-20 15:00:45'),
(272, 40, 'Kole Jast Jr.', 'Nihil aliquid quas architecto molestiae et et eius aut. Dolor officiis a voluptatem debitis. Quia laudantium et assumenda repellendus optio. Et error fuga blanditiis ut velit consequatur.', 4, '2018-11-20 15:00:45', '2018-11-20 15:00:45'),
(273, 27, 'Lina Morissette', 'Incidunt dolorem non nesciunt repudiandae eligendi. Sed explicabo est iste eum esse cum deserunt quis. Voluptatem velit molestias voluptatum libero ad unde inventore quasi. A ab sed fugit repellat laborum quis quia.', 3, '2018-11-20 15:00:45', '2018-11-20 15:00:45'),
(274, 1, 'Scottie Hackett', 'Dolor ipsam reprehenderit impedit suscipit. Sapiente eos voluptas voluptates omnis dolores. Et eius rerum vero. Veniam exercitationem ducimus dignissimos ex sed.', 0, '2018-11-20 15:00:45', '2018-11-20 15:00:45'),
(275, 26, 'Marty Rolfson', 'Explicabo minima modi aut ut ipsum et numquam. Vero quas aut voluptates quam nemo maxime. Minus iste a mollitia.', 4, '2018-11-20 15:00:45', '2018-11-20 15:00:45'),
(276, 38, 'Baron McGlynn DDS', 'Rerum ut et deleniti consequatur. Fugit quos est incidunt eius omnis nihil. Repellendus sed facere nemo.', 3, '2018-11-20 15:00:45', '2018-11-20 15:00:45'),
(277, 47, 'Miss Princess Steuber Sr.', 'Nesciunt voluptatibus et voluptatibus temporibus autem. Quis ut delectus et tenetur ea rerum soluta laudantium. Officiis tempora autem qui voluptatem quia et. Commodi mollitia sit dolor aperiam dolores laudantium numquam.', 0, '2018-11-20 15:00:45', '2018-11-20 15:00:45'),
(278, 24, 'Nona Blick', 'Quasi neque adipisci repellat et in in. Ut facere nesciunt non cum labore et. Ratione quidem nam placeat impedit.', 5, '2018-11-20 15:00:45', '2018-11-20 15:00:45'),
(279, 30, 'Lupe Kemmer', 'Qui ad molestiae iure dolorem perferendis quos. Magni ab aspernatur neque qui. Sit ipsum asperiores temporibus eos iusto dicta ut reprehenderit.', 5, '2018-11-20 15:00:45', '2018-11-20 15:00:45'),
(280, 36, 'Dr. Neha Shields', 'Harum quibusdam est omnis ipsum optio occaecati quisquam facere. Tempore dolorem quasi rerum modi fugiat sequi velit veritatis. Qui dolores provident qui enim optio ut dolorum sed.', 1, '2018-11-20 15:00:45', '2018-11-20 15:00:45'),
(281, 1, 'Kiel Schumm', 'Enim quisquam tempora totam consequatur aliquam. Eos velit excepturi neque id sint atque modi. Quos rerum quo rem.', 5, '2018-11-20 15:00:45', '2018-11-20 15:00:45'),
(282, 13, 'Ms. Beulah Cummings', 'Quam explicabo quae qui fugit consequatur assumenda est. Eum nesciunt quaerat ducimus totam suscipit ea. Voluptatem in occaecati odio est. Rerum asperiores et porro eveniet.', 4, '2018-11-20 15:00:45', '2018-11-20 15:00:45'),
(283, 35, 'Oren Ferry', 'Est unde quia corporis ut nostrum odio. Vel aliquid cupiditate debitis dolor id ut. Vero nostrum aperiam nisi repellat aut optio. Quaerat est fugiat ut dolor molestiae.', 1, '2018-11-20 15:00:45', '2018-11-20 15:00:45'),
(284, 25, 'Dr. Norval Ondricka Jr.', 'Necessitatibus sint nulla quae et facere corporis. Ducimus sit commodi dolorem quas minus doloremque placeat reprehenderit. Repellat aut iure recusandae et corrupti labore laudantium.', 4, '2018-11-20 15:00:45', '2018-11-20 15:00:45'),
(285, 1, 'Ressie Macejkovic', 'Porro cumque odio ab nisi et nihil. Laboriosam et repellat corporis et facere voluptas. A nihil ut dolorem. Voluptatem eum voluptatem aspernatur quod quo molestiae nemo.', 0, '2018-11-20 15:00:45', '2018-11-20 15:00:45'),
(286, 27, 'Kyler Durgan IV', 'Vel blanditiis nihil non non delectus nulla sed. Quas non sit odio porro et unde. Voluptatibus sapiente et et numquam fugiat doloribus.', 1, '2018-11-20 15:00:45', '2018-11-20 15:00:45'),
(287, 28, 'Holly Sauer MD', 'Incidunt quam velit reiciendis sapiente qui et. Fuga assumenda exercitationem fugiat delectus error impedit. Quas dolor et quod sequi a nihil excepturi. Omnis rem amet quos.', 4, '2018-11-20 15:00:45', '2018-11-20 15:00:45'),
(288, 31, 'Lambert Anderson DVM', 'Exercitationem nihil aut dolor voluptas mollitia. Officia minus amet fuga ipsam sed autem. Qui et at tempore et sed amet quae.', 1, '2018-11-20 15:00:45', '2018-11-20 15:00:45'),
(289, 47, 'Joshua Heidenreich', 'Quis quam velit eos nihil aut culpa. Excepturi neque nulla perferendis est aut quam.', 2, '2018-11-20 15:00:45', '2018-11-20 15:00:45'),
(290, 23, 'Mr. Willy Wyman', 'Impedit quas blanditiis voluptas aliquam odit iste. A natus culpa rerum consectetur non sequi nobis. Sed sit enim est laboriosam. Saepe blanditiis est et. Repellendus et ea inventore et qui dolorem.', 5, '2018-11-20 15:00:45', '2018-11-20 15:00:45'),
(291, 23, 'Prof. Aurelia Jacobi III', 'Cum autem placeat magni. Fugit doloribus ut error sit voluptatem. Unde culpa pariatur eaque non soluta. Ut voluptatibus corporis totam nisi tempore sed. Sed aut facilis soluta dolores autem.', 4, '2018-11-20 15:00:45', '2018-11-20 15:00:45'),
(292, 35, 'Ciara Rowe II', 'Ratione saepe nihil ut sequi a eum. Molestiae corrupti repellat quia ea. Id cupiditate aliquid enim voluptas hic. Voluptate dolorum non et dolor consequatur incidunt.', 1, '2018-11-20 15:00:45', '2018-11-20 15:00:45'),
(293, 28, 'Jaleel Thompson', 'Nulla nobis omnis nobis hic aut cupiditate inventore. Omnis aut dolore rerum nihil. Eligendi et dolore occaecati earum. Id cupiditate nihil velit minus minus adipisci harum. Enim cum minima ut animi autem aut.', 0, '2018-11-20 15:00:45', '2018-11-20 15:00:45'),
(294, 11, 'Mrs. Salma Ernser DDS', 'Laborum ut eaque quibusdam eaque eum. Voluptas modi quia quis sapiente aspernatur. Explicabo nulla eum et eius. Vitae dolor dolores rerum beatae.', 1, '2018-11-20 15:00:45', '2018-11-20 15:00:45'),
(295, 2, 'Lucienne Koepp', 'Et dolore voluptate tenetur tempore sunt inventore. Exercitationem id et odit assumenda enim eos. At non reprehenderit sit aut commodi. Reprehenderit molestiae laudantium quidem quae. Ex et quos enim quia quam.', 4, '2018-11-20 15:00:45', '2018-11-20 15:00:45'),
(296, 44, 'Prof. Laney Jacobson III', 'Ipsam similique vitae non occaecati quis fugit unde dolorem. Et odio quia temporibus et et eum sequi.', 2, '2018-11-20 15:00:45', '2018-11-20 15:00:45'),
(297, 5, 'Alene O\'Reilly', 'Molestiae harum harum qui et impedit. Est occaecati iusto et omnis. Et vel et aut consequatur laborum aliquid eaque.', 0, '2018-11-20 15:00:45', '2018-11-20 15:00:45'),
(298, 38, 'Dr. Antwan Russel DDS', 'Quia qui earum vitae officiis aut facere est. In dolorem quis repudiandae sequi. Aut aut enim nobis incidunt.', 5, '2018-11-20 15:00:45', '2018-11-20 15:00:45'),
(299, 11, 'Dr. Edgardo Doyle', 'Placeat quaerat non autem eos possimus molestiae eveniet. Magni asperiores saepe accusantium dolores dolores vero vero. Id sunt et corporis sint nisi rerum.', 3, '2018-11-20 15:00:45', '2018-11-20 15:00:45'),
(300, 35, 'Brycen Cremin V', 'Fuga vero totam numquam et architecto quidem. Voluptatum ullam et et enim. Aut aut iusto vitae cupiditate sed voluptatibus. Aut libero eum maiores dignissimos.', 2, '2018-11-20 15:00:45', '2018-11-20 15:00:45');

-- --------------------------------------------------------

--
-- Table structure for table `users`
--

CREATE TABLE `users` (
  `id` int(10) UNSIGNED NOT NULL,
  `name` varchar(191) COLLATE utf8mb4_unicode_ci NOT NULL,
  `email` varchar(191) COLLATE utf8mb4_unicode_ci NOT NULL,
  `email_verified_at` timestamp NULL DEFAULT NULL,
  `password` varchar(191) COLLATE utf8mb4_unicode_ci NOT NULL,
  `remember_token` varchar(100) COLLATE utf8mb4_unicode_ci DEFAULT NULL,
  `created_at` timestamp NULL DEFAULT NULL,
  `updated_at` timestamp NULL DEFAULT NULL
) ENGINE=InnoDB DEFAULT CHARSET=utf8mb4 COLLATE=utf8mb4_unicode_ci;

--
-- Indexes for dumped tables
--

--
-- Indexes for table `migrations`
--
ALTER TABLE `migrations`
  ADD PRIMARY KEY (`id`);

--
-- Indexes for table `password_resets`
--
ALTER TABLE `password_resets`
  ADD KEY `password_resets_email_index` (`email`);

--
-- Indexes for table `products`
--
ALTER TABLE `products`
  ADD PRIMARY KEY (`id`);

--
-- Indexes for table `reviews`
--
ALTER TABLE `reviews`
  ADD PRIMARY KEY (`id`);

--
-- Indexes for table `users`
--
ALTER TABLE `users`
  ADD PRIMARY KEY (`id`),
  ADD UNIQUE KEY `users_email_unique` (`email`);

--
-- AUTO_INCREMENT for dumped tables
--

--
-- AUTO_INCREMENT for table `migrations`
--
ALTER TABLE `migrations`
  MODIFY `id` int(10) UNSIGNED NOT NULL AUTO_INCREMENT, AUTO_INCREMENT=4;

--
-- AUTO_INCREMENT for table `products`
--
ALTER TABLE `products`
  MODIFY `id` int(10) UNSIGNED NOT NULL AUTO_INCREMENT, AUTO_INCREMENT=51;

--
-- AUTO_INCREMENT for table `reviews`
--
ALTER TABLE `reviews`
  MODIFY `id` int(10) UNSIGNED NOT NULL AUTO_INCREMENT, AUTO_INCREMENT=301;

--
-- AUTO_INCREMENT for table `users`
--
ALTER TABLE `users`
  MODIFY `id` int(10) UNSIGNED NOT NULL AUTO_INCREMENT;
COMMIT;

/*!40101 SET CHARACTER_SET_CLIENT=@OLD_CHARACTER_SET_CLIENT */;
/*!40101 SET CHARACTER_SET_RESULTS=@OLD_CHARACTER_SET_RESULTS */;
/*!40101 SET COLLATION_CONNECTION=@OLD_COLLATION_CONNECTION */;
